"Title","State/Territory","Representative","Street Address","City","StateCode-1","Zip Code","ID","Created Date","Updated Date","Owner"
,"California","Linda Sánchez (D-38)","2329 Rayburn House Office Building","Washington","DC",20515,"003ec21e-bbdb-4165-958a-1fe83c31ebed",2025-02-27T02:27:47Z,2025-02-27T02:27:47Z,"d50ecbb2-6384-4cad-a7f8-ae0d593a971e"
,"Oklahoma","Frank Lucas (R-3)","2405 Rayburn House Office Building","Washington","DC",20515,"0049adce-6b9c-4db8-b8f7-d18e876f944a",2025-02-27T02:27:49Z,2025-02-27T02:27:49Z,"d50ecbb2-6384-4cad-a7f8-ae0d593a971e"
,"Indiana","Jim Banks (R-3)","2418 Rayburn House Office Building","Washington","DC",20515,"00b4f21a-322f-444d-bbdc-c73054a368ad",2025-02-27T02:27:48Z,2025-02-27T02:27:48Z,"d50ecbb2-6384-4cad-a7f8-ae0d593a971e"
,"Illinois","Darin LaHood (R-16)","1424 Longworth House Office Building","Washington","DC",20515,"00b4fb01-db52-44c1-8ff3-5404d3f1aeae",2025-02-27T02:27:48Z,2025-02-27T02:27:48Z,"d50ecbb2-6384-4cad-a7f8-ae0d593a971e"
,"California","Josh Harder (D-9)","209 Cannon House Office Building","Washington","DC",20515,"0111a9fc-91c9-4d27-b43f-33d5a22c86c6",2025-02-27T02:27:47Z,2025-02-27T02:27:47Z,"d50ecbb2-6384-4cad-a7f8-ae0d593a971e"
,"California","Doug LaMalfa (R-1)","408 Cannon House Office Building","Washington","DC",20515,"0224db6b-5b67-4e1f-be68-51c12681c0e5",2025-02-27T02:27:47Z,2025-02-27T02:27:47Z,"d50ecbb2-6384-4cad-a7f8-ae0d593a971e"
,"Texas","Michael Burgess (R-26)","2161 Rayburn House Office Building","Washington","DC",20515,"02747245-e969-419b-9760-c0d8c16a693c",2025-02-27T02:27:49Z,2025-02-27T02:27:49Z,"d50ecbb2-6384-4cad-a7f8-ae0d593a971e"
,"Virginia","Gerry Connolly (D-11)","2265 Rayburn House Office Building","Washington","DC",20515,"0362d960-6797-419b-963c-e4379d2847e2",2025-02-27T02:27:50Z,2025-02-27T02:27:50Z,"d50ecbb2-6384-4cad-a7f8-ae0d593a971e"
,"California","Lou Correa (D-46)","2301 Rayburn House Office Building","Washington","DC",20515,"03a8b224-c47b-41b2-bcc1-e90a7379f6a5",2025-02-27T02:27:47Z,2025-02-27T02:27:47Z,"d50ecbb2-6384-4cad-a7f8-ae0d593a971e"
,"Arkansas","French Hill (R-2)","1533 Longworth House Office Building","Washington","DC",20515,"03c19ad9-0110-47a7-af7f-0d78e51fa26a",2025-02-27T02:27:47Z,2025-02-27T02:27:47Z,"d50ecbb2-6384-4cad-a7f8-ae0d593a971e"
,"California","Ro Khanna (D-17)","306 Cannon House Office Building","Washington","DC",20515,"03da567f-41a6-4882-8dbf-f0faa93e98d0",2025-02-27T02:27:47Z,2025-02-27T02:27:47Z,"d50ecbb2-6384-4cad-a7f8-ae0d593a971e"
,"Oregon","Suzanne Bonamici (D-1)","2231 Rayburn House Office Building","Washington","DC",20515,"040f4ab3-3200-4430-a330-ace3c21f3488",2025-02-27T02:27:49Z,2025-02-27T02:27:49Z,"d50ecbb2-6384-4cad-a7f8-ae0d593a971e"
,"Texas","John Carter (R-31)","2208 Rayburn House Office Building","Washington","DC",20515,"045d8f3e-621b-4682-ad31-3bc5067acfb6",2025-02-27T02:27:49Z,2025-02-27T02:27:49Z,"d50ecbb2-6384-4cad-a7f8-ae0d593a971e"
,"Kentucky","James Comer (R-1)","2410 Rayburn House Office Building","Washington","DC",20515,"04740fae-e97a-4fb8-a9d0-fc738b319fb8",2025-02-27T02:27:48Z,2025-02-27T02:27:48Z,"d50ecbb2-6384-4cad-a7f8-ae0d593a971e"
,"Georgia","Drew Ferguson (R-3)","2239 Rayburn House Office Building","Washington","DC",20515,"04aca4b3-ed0a-4d51-ae9a-cb204ff44643",2025-02-27T02:27:48Z,2025-02-27T02:27:48Z,"d50ecbb2-6384-4cad-a7f8-ae0d593a971e"
,"Florida","María Elvira Salazar (R-27)","2259 Rayburn House Office Building","Washington","DC",20515,"05794dbd-10e5-4714-aba8-187e52a96569",2025-02-27T02:27:48Z,2025-02-27T02:27:48Z,"d50ecbb2-6384-4cad-a7f8-ae0d593a971e"
,"South Carolina","Russell Fry (R-7)","1626 Longworth House Office Building","Washington","DC",20515,"058de962-87eb-4abf-a7c2-7ebe2a604469",2025-02-27T02:27:49Z,2025-02-27T02:27:49Z,"d50ecbb2-6384-4cad-a7f8-ae0d593a971e"
,"New York","Paul Tonko (D-20)","2365 Rayburn House Office Building","Washington","DC",20515,"0672d9ea-4fe9-4a4d-b57b-bdde2f896819",2025-02-27T02:27:49Z,2025-02-27T02:27:49Z,"d50ecbb2-6384-4cad-a7f8-ae0d593a971e"
,"Ohio","David Joyce (R-14)","2065 Rayburn House Office Building","Washington","DC",20515,"067ec8c3-324d-4f65-985f-f41ed532a47e",2025-02-27T02:27:49Z,2025-02-27T02:27:49Z,"d50ecbb2-6384-4cad-a7f8-ae0d593a971e"
,"Texas","Marc Veasey (D-33)","2348 Rayburn House Office Building","Washington","DC",20515,"07264c17-373b-4015-b945-1f4e363043d2",2025-02-27T02:27:49Z,2025-02-27T02:27:49Z,"d50ecbb2-6384-4cad-a7f8-ae0d593a971e"
,"Illinois","Nikki Budzinski (D-13)","1009 Longworth House Office Building","Washington","DC",20515,"0776a03c-abb7-4ed8-a50b-3603b4d6a933",2025-02-27T02:27:48Z,2025-02-27T02:27:48Z,"d50ecbb2-6384-4cad-a7f8-ae0d593a971e"
,"New York","Hakeem Jeffries (D-8)","2433 Rayburn House Office Building","Washington","DC",20515,"0818e9e3-9a7a-4a4d-b5e5-6f8abf09f408",2025-02-27T02:27:49Z,2025-02-27T02:27:49Z,"d50ecbb2-6384-4cad-a7f8-ae0d593a971e"
,"Virginia","Bob Good (R-5)","1213 Longworth House Office Building","Washington","DC",20515,"08954306-134e-4620-8a72-777f14f22999",2025-02-27T02:27:50Z,2025-02-27T02:27:50Z,"d50ecbb2-6384-4cad-a7f8-ae0d593a971e"
,"California","Mike Levin (D-44)","2352 Rayburn House Office Building","Washington","DC",20515,"0896624b-8537-4759-8d55-cd0e6bb6f561",2025-02-27T02:27:47Z,2025-02-27T02:27:47Z,"d50ecbb2-6384-4cad-a7f8-ae0d593a971e"
,"Iowa","Randy Feenstra (R-4)","1440 Longworth House Office Building","Washington","DC",20515,"08ff0c3e-22ea-456a-babd-899b2de9b488",2025-02-27T02:27:48Z,2025-02-27T02:27:48Z,"d50ecbb2-6384-4cad-a7f8-ae0d593a971e"
,"Pennsylvania","Scott Perry (R-10)","2160 Rayburn House Office Building","Washington","DC",20515,"0910321f-6466-43a9-b03c-a6059884483a",2025-02-27T02:27:49Z,2025-02-27T02:27:49Z,"d50ecbb2-6384-4cad-a7f8-ae0d593a971e"
,"Massachusetts","Ayanna Pressley (D-7)","402 Cannon House Office Building","Washington","DC",20515,"09ddf3ad-005f-41f2-a3ca-c9ed0559c963",2025-02-27T02:27:48Z,2025-02-27T02:27:48Z,"d50ecbb2-6384-4cad-a7f8-ae0d593a971e"
,"Texas","Monica De La Cruz (R-15)","1411 Longworth House Office Building","Washington","DC",20515,"0ad1a32e-20e2-4624-8099-071244df7dfc",2025-02-27T02:27:49Z,2025-02-27T02:27:49Z,"d50ecbb2-6384-4cad-a7f8-ae0d593a971e"
,"Florida","Greg Steube (R-17)","2457 Rayburn House Office Building","Washington","DC",20515,"0b395dc0-767a-41b3-ae4b-c2111c1d0296",2025-02-27T02:27:48Z,2025-02-27T02:27:48Z,"d50ecbb2-6384-4cad-a7f8-ae0d593a971e"
,"Massachusetts","Katherine Clark (D-5)","2361 Rayburn House Office Building","Washington","DC",20515,"0cfe9935-6dd6-4aa5-a576-46c5fbb908f3",2025-02-27T02:27:48Z,2025-02-27T02:27:48Z,"d50ecbb2-6384-4cad-a7f8-ae0d593a971e"
,"New York","Anthony D'Esposito (R-4)","1508 Longworth House Office Building","Washington","DC",20515,"0d74ed32-6a04-4c38-adab-5e7809c344cf",2025-02-27T02:27:49Z,2025-02-27T02:27:49Z,"d50ecbb2-6384-4cad-a7f8-ae0d593a971e"
,"Montana","Ryan Zinke (R-1)","512 Cannon House Office Building","Washington","DC",20515,"0f851118-cb01-404c-a5be-a2a25d47791d",2025-02-27T02:27:48Z,2025-02-27T02:27:48Z,"d50ecbb2-6384-4cad-a7f8-ae0d593a971e"
,"New Jersey","Frank Pallone (D-6)","2107 Rayburn House Office Building","Washington","DC",20515,"0f8a803e-a24b-44cb-a3bc-6af9d69157ca",2025-02-27T02:27:49Z,2025-02-27T02:27:49Z,"d50ecbb2-6384-4cad-a7f8-ae0d593a971e"
,"Florida","Darren Soto (D-9)","2353 Rayburn House Office Building","Washington","DC",20515,"1015a2c9-e6bb-44f3-b66d-948fd91aa386",2025-02-27T02:27:47Z,2025-02-27T02:27:47Z,"d50ecbb2-6384-4cad-a7f8-ae0d593a971e"
,"Massachusetts","Jim McGovern (D-2)","370 Cannon House Office Building","Washington","DC",20515,"10b87271-798a-4b12-aea7-2ddc0b4a968e",2025-02-27T02:27:48Z,2025-02-27T02:27:48Z,"d50ecbb2-6384-4cad-a7f8-ae0d593a971e"
,"Illinois","Bill Foster (D-11)","2366 Rayburn House Office Building","Washington","DC",20515,"111a928c-bd4e-4d58-87c8-bf140ed82940",2025-02-27T02:27:48Z,2025-02-27T02:27:48Z,"d50ecbb2-6384-4cad-a7f8-ae0d593a971e"
,"Indiana","Rudy Yakym (R-2)","1641 Longworth House Office Building","Washington","DC",20515,"115903f9-18aa-40bc-b770-557f6ac784b9",2025-02-27T02:27:48Z,2025-02-27T02:27:48Z,"d50ecbb2-6384-4cad-a7f8-ae0d593a971e"
,"New York","Andrew Garbarino (R-2)","2344 Rayburn House Office Building","Washington","DC",20515,"115fb107-ed6d-4842-8e10-16eeb0564c06",2025-02-27T02:27:49Z,2025-02-27T02:27:49Z,"d50ecbb2-6384-4cad-a7f8-ae0d593a971e"
,"Virgin Islands","Stacey Plaskett (D-AL)","2404 Rayburn House Office Building","Washington","DC",20515,"11884032-c0c0-473c-9911-a850634bdf72",2025-02-27T02:27:50Z,2025-02-27T02:27:50Z,"d50ecbb2-6384-4cad-a7f8-ae0d593a971e"
,"Washington","Marilyn Strickland (D-10)","1708 Longworth House Office Building","Washington","DC",20515,"127be826-306b-41f9-9436-5f97732d4588",2025-02-27T02:27:50Z,2025-02-27T02:27:50Z,"d50ecbb2-6384-4cad-a7f8-ae0d593a971e"
,"Washington","Marie Gluesenkamp Perez (D-3)","1431 Longworth House Office Building","Washington","DC",20515,"12b8adc8-bd00-48ea-b7ee-0479299a6ca9",2025-02-27T02:27:50Z,2025-02-27T02:27:50Z,"d50ecbb2-6384-4cad-a7f8-ae0d593a971e"
,"Texas","Jasmine Crockett (D-30)","1616 Longworth House Office Building","Washington","DC",20515,"157837ae-e04d-4d38-affe-68fc23f55a0e",2025-02-27T02:27:49Z,2025-02-27T02:27:49Z,"d50ecbb2-6384-4cad-a7f8-ae0d593a971e"
,"Arkansas","Steve Womack (R-3)","2412 Rayburn House Office Building","Washington","DC",20515,"157ccbca-518d-4904-948e-a38a00e53411",2025-02-27T02:27:47Z,2025-02-27T02:27:47Z,"d50ecbb2-6384-4cad-a7f8-ae0d593a971e"
,"Massachusetts","Richard Neal (D-1)","372 Cannon House Office Building","Washington","DC",20515,"157ebd8b-9052-46c0-a233-4a7c80d926b5",2025-02-27T02:27:48Z,2025-02-27T02:27:48Z,"d50ecbb2-6384-4cad-a7f8-ae0d593a971e"
,"Rhode Island","Seth Magaziner (D-2)","1218 Longworth House Office Building","Washington","DC",20515,"15b26c5d-02fa-4c9f-868a-d12dcad7ec37",2025-02-27T02:27:49Z,2025-02-27T02:27:49Z,"d50ecbb2-6384-4cad-a7f8-ae0d593a971e"
,"California","Jay Obernolte (R-23)","1029 Longworth House Office Building","Washington","DC",20515,"15e44904-33b2-4168-a3a5-c95a4b5bd649",2025-02-27T02:27:47Z,2025-02-27T02:27:47Z,"d50ecbb2-6384-4cad-a7f8-ae0d593a971e"
,"Virginia","Jennifer McClellan (D-4)","2417 Rayburn House Office Building","Washington","DC",20515,"1615bad7-ff25-485d-a5aa-8673bc8241b8",2025-02-27T02:27:50Z,2025-02-27T02:27:50Z,"d50ecbb2-6384-4cad-a7f8-ae0d593a971e"
,"California","Nanette Barragán (D-43)","2312 Rayburn House Office Building","Washington","DC",20515,"16f6ecdc-5f2c-487d-bbea-66c6800093d2",2025-02-27T02:27:47Z,2025-02-27T02:27:47Z,"d50ecbb2-6384-4cad-a7f8-ae0d593a971e"
,"Texas","Sylvia Garcia (D-29)","2419 Rayburn House Office Building","Washington","DC",20515,"17b0f913-ba92-4e96-85b8-2de8a832cbda",2025-02-27T02:27:49Z,2025-02-27T02:27:49Z,"d50ecbb2-6384-4cad-a7f8-ae0d593a971e"
,"California","John Duarte (R-13)","1535 Longworth House Office Building","Washington","DC",20515,"17f88a61-a5ce-4264-bd06-1addcb146bd0",2025-02-27T02:27:47Z,2025-02-27T02:27:47Z,"d50ecbb2-6384-4cad-a7f8-ae0d593a971e"
,"Oklahoma","Josh Brecheen (R-2)","1413 Longworth House Office Building","Washington","DC",20515,"1804a0cd-b9c9-43c5-9ce8-b1be6fd79d10",2025-02-27T02:27:49Z,2025-02-27T02:27:49Z,"d50ecbb2-6384-4cad-a7f8-ae0d593a971e"
,"American Samoa","Aumua Amata Coleman Radewagen (R-AL)","1339 Longworth House Office Building","Washington","DC",20515,"1a446f20-423f-4ce5-84c6-3cb92776c72a",2025-02-27T02:27:47Z,2025-02-27T02:27:47Z,"d50ecbb2-6384-4cad-a7f8-ae0d593a971e"
,"Arkansas","Bruce Westerman (R-4)","202 Cannon House Office Building","Washington","DC",20515,"1d2eb805-4401-4f0c-a184-f33e631ce5a2",2025-02-27T02:27:47Z,2025-02-27T02:27:47Z,"d50ecbb2-6384-4cad-a7f8-ae0d593a971e"
,"Georgia","Lucy McBath (D-6)","2246 Rayburn House Office Building","Washington","DC",20515,"1deae8be-6bcf-403c-9d6c-ab3cacfc8cac",2025-02-27T02:27:48Z,2025-02-27T02:27:48Z,"d50ecbb2-6384-4cad-a7f8-ae0d593a971e"
,"California","Zoe Lofgren (D-18)","1401 Longworth House Office Building","Washington","DC",20515,"1f2c3ecc-40b4-48bb-884c-2898e719fcf2",2025-02-27T02:27:47Z,2025-02-27T02:27:47Z,"d50ecbb2-6384-4cad-a7f8-ae0d593a971e"
,"Kentucky","Brett Guthrie (R-2)","2434 Rayburn House Office Building","Washington","DC",20515,"1f47d28b-6c54-4ce0-abe3-6133b6a23838",2025-02-27T02:27:48Z,2025-02-27T02:27:48Z,"d50ecbb2-6384-4cad-a7f8-ae0d593a971e"
,"Oregon","Earl Blumenauer (D-3)","1111 Longworth House Office Building","Washington","DC",20515,"2187475a-f4df-4776-a71c-c88186d3b3ce",2025-02-27T02:27:49Z,2025-02-27T02:27:49Z,"d50ecbb2-6384-4cad-a7f8-ae0d593a971e"
,"Wisconsin","Glenn Grothman (R-6)","1511 Longworth House Office Building","Washington","DC",20515,"23b300ad-02b6-4189-811e-b805ad015873",2025-02-27T02:27:50Z,2025-02-27T02:27:50Z,"d50ecbb2-6384-4cad-a7f8-ae0d593a971e"
,"Connecticut","Jim Himes (D-4)","2358 Rayburn House Office Building","Washington","DC",20515,"240631c2-4843-407d-a57c-e1774ab70bb6",2025-02-27T02:27:47Z,2025-02-27T02:27:47Z,"d50ecbb2-6384-4cad-a7f8-ae0d593a971e"
,"Alabama","Barry Moore (R-2)","1504 Longworth House Office Building","Washington","DC",20515,"253b62cb-605b-4868-9915-5656873e6e2c",2025-02-27T02:27:47Z,2025-02-27T02:27:47Z,"d50ecbb2-6384-4cad-a7f8-ae0d593a971e"
,"Georgia","Rick Allen (R-11)","2400 Rayburn House Office Building","Washington","DC",20515,"25b5d34a-8dc4-4e3c-a496-a76c16ae823e",2025-02-27T02:27:48Z,2025-02-27T02:27:48Z,"d50ecbb2-6384-4cad-a7f8-ae0d593a971e"
,"North Carolina","David Rouzer (R-7)","2333 Rayburn House Office Building","Washington","DC",20515,"269ecb58-1b4b-4a47-9c72-79f830dd0341",2025-02-27T02:27:49Z,2025-02-27T02:27:49Z,"d50ecbb2-6384-4cad-a7f8-ae0d593a971e"
,"Florida","Laurel Lee (R-15)","1119 Longworth House Office Building","Washington","DC",20515,"26b372b3-5e06-43c7-a0b8-a6980785787b",2025-02-27T02:27:48Z,2025-02-27T02:27:48Z,"d50ecbb2-6384-4cad-a7f8-ae0d593a971e"
,"North Carolina","Don Davis (D-1)","1123 Longworth House Office Building","Washington","DC",20515,"26ed1f08-2dd0-4314-be29-350e5919b5be",2025-02-27T02:27:49Z,2025-02-27T02:27:49Z,"d50ecbb2-6384-4cad-a7f8-ae0d593a971e"
,"Pennsylvania","Summer Lee (D-12)","243 Cannon House Office Building","Washington","DC",20515,"2811e915-c683-4095-a23c-15474f85d838",2025-02-27T02:27:49Z,2025-02-27T02:27:49Z,"d50ecbb2-6384-4cad-a7f8-ae0d593a971e"
,"Illinois","Jesús “Chuy” García (D-4)","1519 Longworth House Office Building","Washington","DC",20515,"28c5a63c-e105-4f00-a174-b22e2065d078",2025-02-27T02:27:48Z,2025-02-27T02:27:48Z,"d50ecbb2-6384-4cad-a7f8-ae0d593a971e"
,"Vermont","Becca Balint (D-AL)","1408 Longworth House Office Building","Washington","DC",20515,"29664648-c92c-401f-ae9d-c7f8d59f6dea",2025-02-27T02:27:50Z,2025-02-27T02:27:50Z,"d50ecbb2-6384-4cad-a7f8-ae0d593a971e"
,"Colorado","Gabe Evans (R-8)","1213 Longworth House Office Building","Washington","DC",20515,"2a128792-1258-4b25-98c4-edd3c0ebe4c5",2025-02-27T02:27:47Z,2025-02-27T02:27:47Z,"d50ecbb2-6384-4cad-a7f8-ae0d593a971e"
,"Washington","Pramila Jayapal (D-7)","2346 Rayburn House Office Building","Washington","DC",20515,"2b043f26-6ef8-4cab-b115-1c105f3bc902",2025-02-27T02:27:50Z,2025-02-27T02:27:50Z,"d50ecbb2-6384-4cad-a7f8-ae0d593a971e"
,"South Carolina","Jim Clyburn (D-6)","274 Cannon House Office Building","Washington","DC",20515,"2c549a80-258f-454a-b17f-bf9b6ee82be1",2025-02-27T02:27:49Z,2025-02-27T02:27:49Z,"d50ecbb2-6384-4cad-a7f8-ae0d593a971e"
,"Louisiana","Mike Johnson (R-4)","568 Cannon House Office Building","Washington","DC",20515,"2c84fb1a-c751-4d69-95f9-0f894c06f62d",2025-02-27T02:27:48Z,2025-02-27T02:27:48Z,"d50ecbb2-6384-4cad-a7f8-ae0d593a971e"
,"Ohio","Brad Wenstrup (R-2)","2334 Rayburn House Office Building","Washington","DC",20515,"2cf0ed5e-85c0-48cf-8696-619f189b8c5b",2025-02-27T02:27:49Z,2025-02-27T02:27:49Z,"d50ecbb2-6384-4cad-a7f8-ae0d593a971e"
,"North Carolina","Patrick McHenry (R-10)","2120 Rayburn House Office Building","Washington","DC",20515,"2d24b2a9-eb37-4ec2-a3c0-0652f19a4f6e",2025-02-27T02:27:49Z,2025-02-27T02:27:49Z,"d50ecbb2-6384-4cad-a7f8-ae0d593a971e"
,"Washington","Suzan DelBene (D-1)","2330 Rayburn House Office Building","Washington","DC",20515,"2d2674b1-3856-4956-9ed7-93c4652a7a71",2025-02-27T02:27:50Z,2025-02-27T02:27:50Z,"d50ecbb2-6384-4cad-a7f8-ae0d593a971e"
,"Alabama","Mike Rogers (R-3)","2469 Rayburn House Office Building","Washington","DC",20515,"2e2df1fc-2896-47a1-bbb7-0e9a4376ceda",2025-02-27T02:27:47Z,2025-02-27T02:27:47Z,"d50ecbb2-6384-4cad-a7f8-ae0d593a971e"
,"Minnesota","Pete Stauber (R-8)","145 Cannon House Office Building","Washington","DC",20515,"2fad49d6-e27a-4b62-b0f9-ee4cbe8344b6",2025-02-27T02:27:48Z,2025-02-27T02:27:48Z,"d50ecbb2-6384-4cad-a7f8-ae0d593a971e"
,"Tennessee","Scott DesJarlais (R-4)","2301 Rayburn House Office Building","Washington","DC",20515,"312f7e8b-e592-4ff7-8230-474ec523bea5",2025-02-27T02:27:49Z,2025-02-27T02:27:49Z,"d50ecbb2-6384-4cad-a7f8-ae0d593a971e"
,"Kansas","Sharice Davids (D-3)","2435 Rayburn House Office Building","Washington","DC",20515,"325419e7-5ad1-44f7-b3b5-b46a106fb784",2025-02-27T02:27:48Z,2025-02-27T02:27:48Z,"d50ecbb2-6384-4cad-a7f8-ae0d593a971e"
,"Kentucky","Andy Barr (R-6)","2430 Rayburn House Office Building","Washington","DC",20515,"330fdb99-37e2-408d-8679-10adf54ec57a",2025-02-27T02:27:48Z,2025-02-27T02:27:48Z,"d50ecbb2-6384-4cad-a7f8-ae0d593a971e"
,"New Mexico","Gabe Vasquez (D-2)","1511 Longworth House Office Building","Washington","DC",20515,"33ab362b-3d72-48fe-9bee-2deed321ee8a",2025-02-27T02:27:49Z,2025-02-27T02:27:49Z,"d50ecbb2-6384-4cad-a7f8-ae0d593a971e"
,"Texas","Greg Casar (D-35)","1339 Longworth House Office Building","Washington","DC",20515,"33e32e67-82ce-4189-a8ed-39ac22bdf674",2025-02-27T02:27:49Z,2025-02-27T02:27:49Z,"d50ecbb2-6384-4cad-a7f8-ae0d593a971e"
,"California","Kevin Mullin (D-15)","1508 Longworth House Office Building","Washington","DC",20515,"342762e4-a179-49cc-b05e-1228dd4d297d",2025-02-27T02:27:47Z,2025-02-27T02:27:47Z,"d50ecbb2-6384-4cad-a7f8-ae0d593a971e"
,"California","Ken Calvert (R-41)","2205 Rayburn House Office Building","Washington","DC",20515,"3447ab42-9c8f-46fe-bcd6-36fe57c8661f",2025-02-27T02:27:47Z,2025-02-27T02:27:47Z,"d50ecbb2-6384-4cad-a7f8-ae0d593a971e"
,"California","George Helmy (D-52)","1520 Longworth House Office Building","Washington","DC",20515,"346bbc42-4842-4b86-a1f9-9707e52d2a9c",2025-02-27T02:27:47Z,2025-02-27T02:27:47Z,"d50ecbb2-6384-4cad-a7f8-ae0d593a971e"
,"New Mexico","Teresa Leger Fernández (D-3)","1432 Longworth House Office Building","Washington","DC",20515,"35cbaabd-1453-436d-9c43-659ac6dc9fa8",2025-02-27T02:27:49Z,2025-02-27T02:27:49Z,"d50ecbb2-6384-4cad-a7f8-ae0d593a971e"
,"California","Nancy Pelosi (D-11)","1236 Longworth House Office Building","Washington","DC",20515,"36e2b3db-df8c-4c14-aee7-7be00d08ce6b",2025-02-27T02:27:47Z,2025-02-27T02:27:47Z,"d50ecbb2-6384-4cad-a7f8-ae0d593a971e"
,"California","Tony Cárdenas (D-28)","2428 Rayburn House Office Building","Washington","DC",20515,"37c993d6-b464-4a1f-820f-f401f08d0c04",2025-02-27T02:27:47Z,2025-02-27T02:27:47Z,"d50ecbb2-6384-4cad-a7f8-ae0d593a971e"
,"New York","Tom Suozzi (D-3)","2369 Rayburn House Office Building","Washington","DC",20515,"394fbdd4-0a8c-416f-90cc-e214d68e93d6",2025-02-27T02:27:49Z,2025-02-27T02:27:49Z,"d50ecbb2-6384-4cad-a7f8-ae0d593a971e"
,"Pennsylvania","Chris Deluzio (D-17)","1225 Longworth House Office Building","Washington","DC",20515,"396c4e8a-6e83-4699-afb1-78d41d318ab4",2025-02-27T02:27:49Z,2025-02-27T02:27:49Z,"d50ecbb2-6384-4cad-a7f8-ae0d593a971e"
,"Michigan","Lisa McClain (R-9)","444 Cannon House Office Building","Washington","DC",20515,"39a31ea7-f32a-47a6-a1dd-c402b5ace6fe",2025-02-27T02:27:48Z,2025-02-27T02:27:48Z,"d50ecbb2-6384-4cad-a7f8-ae0d593a971e"
,"Illinois","Raja Krishnamoorthi (D-8)","2367 Rayburn House Office Building","Washington","DC",20515,"39f905b1-1a62-46a2-9a91-2d68fe6e11c4",2025-02-27T02:27:48Z,2025-02-27T02:27:48Z,"d50ecbb2-6384-4cad-a7f8-ae0d593a971e"
,"Florida","Aaron Bean (R-4)","1237 Longworth House Office Building","Washington","DC",20515,"3acd7b19-7ae8-453a-93cf-eb55b2b88a95",2025-02-27T02:27:47Z,2025-02-27T02:27:47Z,"d50ecbb2-6384-4cad-a7f8-ae0d593a971e"
,"Nebraska","Adrian Smith (R-3)","502 Cannon House Office Building","Washington","DC",20515,"3ada0d62-7a0a-44bf-802f-a5c451c99e2d",2025-02-27T02:27:48Z,2025-02-27T02:27:48Z,"d50ecbb2-6384-4cad-a7f8-ae0d593a971e"
,"Montana","Matt Rosendale (R-2)","1037 Longworth House Office Building","Washington","DC",20515,"3b4735fb-9763-4766-b538-ab103495d536",2025-02-27T02:27:48Z,2025-02-27T02:27:48Z,"d50ecbb2-6384-4cad-a7f8-ae0d593a971e"
,"Missouri","Jason Smith (R-8)","1011 Longworth House Office Building","Washington","DC",20515,"3b575db7-c6bd-4106-a449-2f0ed5bf6e04",2025-02-27T02:27:48Z,2025-02-27T02:27:48Z,"d50ecbb2-6384-4cad-a7f8-ae0d593a971e"
,"Georgia","David Scott (D-12)","225 Cannon House Office Building","Washington","DC",20515,"3b690aed-55d6-468e-9a82-d40b96f36465",2025-02-27T02:27:48Z,2025-02-27T02:27:48Z,"d50ecbb2-6384-4cad-a7f8-ae0d593a971e"
,"Minnesota","Tom Emmer (R-6)","464 Cannon House Office Building","Washington","DC",20515,"3c049827-510f-4b73-bcfb-1ccaf7401c18",2025-02-27T02:27:48Z,2025-02-27T02:27:48Z,"d50ecbb2-6384-4cad-a7f8-ae0d593a971e"
,"Missouri","Cori Bush (D-1)","2463 Rayburn House Office Building","Washington","DC",20515,"3cc90ff6-5ae6-423c-b89f-a17d8e2aa4c6",2025-02-27T02:27:48Z,2025-02-27T02:27:48Z,"d50ecbb2-6384-4cad-a7f8-ae0d593a971e"
,"Delaware","Sarah McBride (D-AL)","1430 Longworth House Office Building","Washington","DC",20515,"3dac0f4a-e76a-4150-b9fb-143a34ca9497",2025-02-27T02:27:47Z,2025-02-27T02:27:47Z,"d50ecbb2-6384-4cad-a7f8-ae0d593a971e"
,"Nevada","Susie Lee (D-3)","365 Cannon House Office Building","Washington","DC",20515,"3e70e978-84dd-41d9-9ffc-148405202dd3",2025-02-27T02:27:48Z,2025-02-27T02:27:48Z,"d50ecbb2-6384-4cad-a7f8-ae0d593a971e"
,"New Jersey","Donald Payne Jr. (D-10)","132 Cannon House Office Building","Washington","DC",20515,"3eca8a69-450a-4e6d-88cf-8eedca3eb102",2025-02-27T02:27:49Z,2025-02-27T02:27:49Z,"d50ecbb2-6384-4cad-a7f8-ae0d593a971e"
,"Iowa","Mariannette Miller-Meeks (R-1)","1037 Longworth House Office Building","Washington","DC",20515,"3f92175a-3179-4814-a421-2b7da1f5c14a",2025-02-27T02:27:48Z,2025-02-27T02:27:48Z,"d50ecbb2-6384-4cad-a7f8-ae0d593a971e"
,"Ohio","Emilia Sykes (D-13)","1217 Longworth House Office Building","Washington","DC",20515,"3fa1f3fb-a8db-4435-865d-2a0b53b3de41",2025-02-27T02:27:49Z,2025-02-27T02:27:49Z,"d50ecbb2-6384-4cad-a7f8-ae0d593a971e"
,"New Jersey","Bill Pascrell Jr. (D-9)","2409 Rayburn House Office Building","Washington","DC",20515,"42850aa8-844f-4617-b9ab-ff3f997c3793",2025-02-27T02:27:49Z,2025-02-27T02:27:49Z,"d50ecbb2-6384-4cad-a7f8-ae0d593a971e"
,"New York","Brandon Williams (R-22)","1019 Longworth House Office Building","Washington","DC",20515,"4328644a-3621-4aa1-97d9-dc4e36f750ea",2025-02-27T02:27:49Z,2025-02-27T02:27:49Z,"d50ecbb2-6384-4cad-a7f8-ae0d593a971e"
,"Florida","Michael Waltz (R-6) [Resigned]","244 Cannon House Office Building","Washington","DC",20515,"432b176b-be2f-477a-843a-35efcd81dbdf",2025-02-27T02:27:47Z,2025-02-27T02:27:47Z,"d50ecbb2-6384-4cad-a7f8-ae0d593a971e"
,"Texas","Chip Roy (R-21)","1005 Longworth House Office Building","Washington","DC",20515,"43fafad3-8955-4f47-a839-e5bf4e3286ac",2025-02-27T02:27:49Z,2025-02-27T02:27:49Z,"d50ecbb2-6384-4cad-a7f8-ae0d593a971e"
,"Massachusetts","Lori Trahan (D-3)","2439 Rayburn House Office Building","Washington","DC",20515,"4414fd38-62d1-4971-a688-6031e874ab49",2025-02-27T02:27:48Z,2025-02-27T02:27:48Z,"d50ecbb2-6384-4cad-a7f8-ae0d593a971e"
,"Georgia","Hank Johnson (D-4)","2240 Rayburn House Office Building","Washington","DC",20515,"460e84f7-28d9-4b78-bfe1-63455e2f4d4b",2025-02-27T02:27:48Z,2025-02-27T02:27:48Z,"d50ecbb2-6384-4cad-a7f8-ae0d593a971e"
,"Texas","Troy Nehls (R-22)","1104 Longworth House Office Building","Washington","DC",20515,"47622e10-936b-4249-9dfc-14d50be012e9",2025-02-27T02:27:49Z,2025-02-27T02:27:49Z,"d50ecbb2-6384-4cad-a7f8-ae0d593a971e"
,"California","Mike Thompson (D-4)","268 Cannon House Office Building","Washington","DC",20515,"47c5904e-2b8c-47ea-9e19-cd30115298ae",2025-02-27T02:27:47Z,2025-02-27T02:27:47Z,"d50ecbb2-6384-4cad-a7f8-ae0d593a971e"
,"Pennsylvania","Guy Reschenthaler (R-14)","1431 Longworth House Office Building","Washington","DC",20515,"48529221-34ac-4766-8424-c33556f685ba",2025-02-27T02:27:49Z,2025-02-27T02:27:49Z,"d50ecbb2-6384-4cad-a7f8-ae0d593a971e"
,"Florida","Maxwell Frost (D-10)","1028 Longworth House Office Building","Washington",,20515,"48a8c4db-e398-4b01-bdb8-a38f51b5540e",2025-02-27T02:27:47Z,2025-02-27T02:27:47Z,"d50ecbb2-6384-4cad-a7f8-ae0d593a971e"
,"North Carolina","Valerie Foushee (D-4)","1713 Longworth House Office Building","Washington","DC",20515,"48ce9268-6f83-4c80-8d7d-6931522f02a3",2025-02-27T02:27:49Z,2025-02-27T02:27:49Z,"d50ecbb2-6384-4cad-a7f8-ae0d593a971e"
,"Oregon","Cliff Bentz (R-2)","1239 Longworth House Office Building","Washington","DC",20515,"49623bb0-b6f3-4e23-8402-785c6e71c7d4",2025-02-27T02:27:49Z,2025-02-27T02:27:49Z,"d50ecbb2-6384-4cad-a7f8-ae0d593a971e"
,"Pennsylvania","Mike Kelly (R-16)","1707 Longworth House Office Building","Washington","DC",20515,"4c62b90e-43ed-45ce-a4cc-68b54e2da1cf",2025-02-27T02:27:49Z,2025-02-27T02:27:49Z,"d50ecbb2-6384-4cad-a7f8-ae0d593a971e"
,"Illinois","Mary Miller (R-15)","1740 Longworth House Office Building","Washington","DC",20515,"4d1d9c6e-9f97-458a-aa13-1fe9f6c62f7d",2025-02-27T02:27:48Z,2025-02-27T02:27:48Z,"d50ecbb2-6384-4cad-a7f8-ae0d593a971e"
,"Pennsylvania","Dwight Evans (D-3)","1105 Longworth House Office Building","Washington","DC",20515,"4d44ae32-6f3b-40da-b1a1-bef827b88daa",2025-02-27T02:27:49Z,2025-02-27T02:27:49Z,"d50ecbb2-6384-4cad-a7f8-ae0d593a971e"
,"Georgia","Mike Collins (R-8)","1222 Longworth House Office Building","Washington","DC",20515,"4dfd22e0-3eb1-49a5-aeac-3c61a631c98b",2025-02-27T02:27:48Z,2025-02-27T02:27:48Z,"d50ecbb2-6384-4cad-a7f8-ae0d593a971e"
,"Washington","Cathy McMorris Rodgers (R-5)","2188 Rayburn House Office Building","Washington","DC",20515,"4e00e0b9-f1f3-4ca8-acc2-9eaf7566cb44",2025-02-27T02:27:50Z,2025-02-27T02:27:50Z,"d50ecbb2-6384-4cad-a7f8-ae0d593a971e"
,"Georgia","Buddy Carter (R-1)","2432 Rayburn House Office Building","Washington","DC",20515,"4ede97ca-4db3-4ade-aba7-271b8786f79d",2025-02-27T02:27:48Z,2025-02-27T02:27:48Z,"d50ecbb2-6384-4cad-a7f8-ae0d593a971e"
,"Florida","Kat Cammack (R-3)","1239 Longworth House Office Building","Washington","DC",20515,"4f4ad5df-28a3-4e18-a384-223e293554a1",2025-02-27T02:27:47Z,2025-02-27T02:27:47Z,"d50ecbb2-6384-4cad-a7f8-ae0d593a971e"
,"Maine","Chellie Pingree (D-1)","2354 Rayburn House Office Building","Washington","DC",20515,"4f6574e5-8e8b-4911-948d-167ddf1907c0",2025-02-27T02:27:48Z,2025-02-27T02:27:48Z,"d50ecbb2-6384-4cad-a7f8-ae0d593a971e"
,"Iowa","Zach Nunn (R-3)","1232 Longworth House Office Building","Washington","DC",20515,"4fa488ad-6fe3-4afe-a433-95cef50f021f",2025-02-27T02:27:48Z,2025-02-27T02:27:48Z,"d50ecbb2-6384-4cad-a7f8-ae0d593a971e"
,"Florida","Mario Díaz-Balart (R-26)","374 Cannon House Office Building","Washington","DC",20515,"4fe739e3-e63c-45e7-8448-76db3c94e671",2025-02-27T02:27:48Z,2025-02-27T02:27:48Z,"d50ecbb2-6384-4cad-a7f8-ae0d593a971e"
,"California","Ami Bera (D-6)","2350 Rayburn House Office Building","Washington","DC",20515,"5082e5fb-ac14-423f-9931-48288cc153a9",2025-02-27T02:27:47Z,2025-02-27T02:27:47Z,"d50ecbb2-6384-4cad-a7f8-ae0d593a971e"
,"California","Mark DeSaulnier (D-10)","503 Cannon House Office Building","Washington","DC",20515,"50b0a805-e041-4894-8f1d-f6566e601bc0",2025-02-27T02:27:47Z,2025-02-27T02:27:47Z,"d50ecbb2-6384-4cad-a7f8-ae0d593a971e"
,"New York","Yvette Clarke (D-9)","2058 Rayburn House Office Building","Washington","DC",20515,"510ade7e-ce03-4a9d-a260-03982574efa8",2025-02-27T02:27:49Z,2025-02-27T02:27:49Z,"d50ecbb2-6384-4cad-a7f8-ae0d593a971e"
,"Texas","Lloyd Doggett (D-37)","2307 Rayburn House Office Building","Washington","DC",20515,"5199d04b-f6ed-4600-b486-70a264761ac5",2025-02-27T02:27:50Z,2025-02-27T02:27:50Z,"d50ecbb2-6384-4cad-a7f8-ae0d593a971e"
,"Maryland","Jamie Raskin (D-8)","2242 Rayburn House Office Building","Washington","DC",20515,"5203ea01-f751-4a15-b13b-00b010726ecb",2025-02-27T02:27:48Z,2025-02-27T02:27:48Z,"d50ecbb2-6384-4cad-a7f8-ae0d593a971e"
,"Michigan","Elissa Slotkin (D-7)","2428 Rayburn House Office Building","Washington","DC",20515,"520b0283-3474-415a-b7af-0d479b72cb73",2025-02-27T02:27:48Z,2025-02-27T02:27:48Z,"d50ecbb2-6384-4cad-a7f8-ae0d593a971e"
,"Missouri","Ann Wagner (R-2)","2350 Rayburn House Office Building","Washington","DC",20515,"5297cf2e-a4e1-43f9-a969-b91d56c6e5d6",2025-02-27T02:27:48Z,2025-02-27T02:27:48Z,"d50ecbb2-6384-4cad-a7f8-ae0d593a971e"
,"Florida","Vern Buchanan (R-16)","2104 Rayburn House Office Building","Washington","DC",20515,"53ac217e-3217-4b48-b5b1-1a7378936094",2025-02-27T02:27:48Z,2025-02-27T02:27:48Z,"d50ecbb2-6384-4cad-a7f8-ae0d593a971e"
,"Oklahoma","Kevin Hern (R-1)","1019 Longworth House Office Building","Washington","DC",20515,"54b9b5dd-65d5-4036-b5af-2064c3e31dbe",2025-02-27T02:27:49Z,2025-02-27T02:27:49Z,"d50ecbb2-6384-4cad-a7f8-ae0d593a971e"
,"Hawaii","Ed Case (D-1)","2210 Rayburn House Office Building","Washington","DC",20515,"56eed0ce-2876-4958-b7f5-f1d8cfdc429c",2025-02-27T02:27:48Z,2025-02-27T02:27:48Z,"d50ecbb2-6384-4cad-a7f8-ae0d593a971e"
,"Illinois","Lauren Underwood (D-14)","1130 Longworth House Office Building","Washington","DC",20515,"5779a594-52df-4227-baec-6dda1a004268",2025-02-27T02:27:48Z,2025-02-27T02:27:48Z,"d50ecbb2-6384-4cad-a7f8-ae0d593a971e"
,"Alaska","Mary Peltola (D-AL)","153 Cannon House Office Building","Washington","DC",20515,"57c4b87c-3a5a-4259-88cd-69c48c71a54d",2025-02-27T02:27:47Z,2025-02-27T02:27:47Z,"d50ecbb2-6384-4cad-a7f8-ae0d593a971e"
,"Pennsylvania","Chrissy Houlahan (D-6)","1727 Longworth House Office Building","Washington","DC",20515,"586fd8a5-bb53-4a0d-ba96-24013eac89a3",2025-02-27T02:27:49Z,2025-02-27T02:27:49Z,"d50ecbb2-6384-4cad-a7f8-ae0d593a971e"
,"Texas","Dan Crenshaw (R-2)","248 Cannon House Office Office Building","Washington","DC",20515,"590a8648-f74b-4df2-b668-6dbc0b8009f1",2025-02-27T02:27:49Z,2025-02-27T02:27:49Z,"d50ecbb2-6384-4cad-a7f8-ae0d593a971e"
,"Texas","Wesley Hunt (R-38)","1421 Longworth House Office Building","Washington","DC",20515,"5a3368f3-0ee2-47a9-a42f-6ed74fe78869",2025-02-27T02:27:50Z,2025-02-27T02:27:50Z,"d50ecbb2-6384-4cad-a7f8-ae0d593a971e"
,"Connecticut","Jahana Hayes (D-5)","1415 Longworth House Office Building","Washington","DC",20515,"5a7c79f6-6bf7-47c6-820f-cccdfb965289",2025-02-27T02:27:47Z,2025-02-27T02:27:47Z,"d50ecbb2-6384-4cad-a7f8-ae0d593a971e"
,"California","Mike Garcia (R-27)","1535 Longworth House Office Building","Washington","DC",20515,"5b4d18ce-86d4-4392-a156-05c9bb569dec",2025-02-27T02:27:47Z,2025-02-27T02:27:47Z,"d50ecbb2-6384-4cad-a7f8-ae0d593a971e"
,"Tennessee","Diana Harshbarger (R-1)","1671 Longworth House Office Building","Washington","DC",20515,"5c3900ba-4829-4eb4-a1af-d22fc8224361",2025-02-27T02:27:49Z,2025-02-27T02:27:49Z,"d50ecbb2-6384-4cad-a7f8-ae0d593a971e"
,"Minnesota","Michelle Fischbach (R-7)","1237 Longworth House Office Building","Washington","DC",20515,"5c6e4d84-37ce-4c2e-b8ad-7db89156f185",2025-02-27T02:27:48Z,2025-02-27T02:27:48Z,"d50ecbb2-6384-4cad-a7f8-ae0d593a971e"
,"Massachusetts","Seth Moulton (D-6)","1129 Longworth House Office Building","Washington","DC",20515,"5c838553-ec17-4917-9ff9-c0a1eba58446",2025-02-27T02:27:48Z,2025-02-27T02:27:48Z,"d50ecbb2-6384-4cad-a7f8-ae0d593a971e"
,"Ohio","Mike Carey (R-15)","1433 Longworth House Office Building","Washington","DC",20515,"5de32b8b-279f-4be5-b176-8bd9bcf9466c",2025-02-27T02:27:49Z,2025-02-27T02:27:49Z,"d50ecbb2-6384-4cad-a7f8-ae0d593a971e"
,"Kansas","Ron Estes (R-4)","2411 Rayburn House Office Building","Washington","DC",20515,"5f89b153-9d40-4119-89e4-a0caf33f07d0",2025-02-27T02:27:48Z,2025-02-27T02:27:48Z,"d50ecbb2-6384-4cad-a7f8-ae0d593a971e"
,"Louisiana","Garret Graves (R-6)","2402 Rayburn House Office Building","Washington","DC",20515,"5f967860-e0cc-419d-9572-c4c52e7c8a0a",2025-02-27T02:27:48Z,2025-02-27T02:27:48Z,"d50ecbb2-6384-4cad-a7f8-ae0d593a971e"
,"Florida","Debbie Wasserman Schultz (D-25)","217 Cannon House Office Building","Washington","DC",20515,"60206d94-cc8b-42f6-8fa2-7f6c2053ec49",2025-02-27T02:27:48Z,2025-02-27T02:27:48Z,"d50ecbb2-6384-4cad-a7f8-ae0d593a971e"
,"Washington","Derek Kilmer (D-6)","1221 Longworth House Office Building","Washington","DC",20515,"616fd91e-74c8-46bf-b197-77788b8d0ee3",2025-02-27T02:27:50Z,2025-02-27T02:27:50Z,"d50ecbb2-6384-4cad-a7f8-ae0d593a971e"
,"Wisconsin","Tom Tiffany (R-7)","1719 Longworth House Office Building","Washington","DC",20515,"628cbb25-7d8e-4f8a-a778-436cab3c9f54",2025-02-27T02:27:50Z,2025-02-27T02:27:50Z,"d50ecbb2-6384-4cad-a7f8-ae0d593a971e"
,"Illinois","Delia Ramirez (D-3)","1523 Longworth House Office Building","Washington","DC",20515,"62b5a071-a0aa-435e-90dd-e5c845276ce4",2025-02-27T02:27:48Z,2025-02-27T02:27:48Z,"d50ecbb2-6384-4cad-a7f8-ae0d593a971e"
,"Pennsylvania","Mary Gay Scanlon (D-5)","1227 Longworth House Office Building","Washington","DC",20515,"6301dc3a-33f3-49ea-8905-b43e526f50ae",2025-02-27T02:27:49Z,2025-02-27T02:27:49Z,"d50ecbb2-6384-4cad-a7f8-ae0d593a971e"
,"South Carolina","Joe Wilson (R-2)","2239 Rayburn House Office Building","Washington","DC",20515,"632ac8cd-ee79-499e-b194-50c6cf88bc7c",2025-02-27T02:27:49Z,2025-02-27T02:27:49Z,"d50ecbb2-6384-4cad-a7f8-ae0d593a971e"
,"Texas","Kay Granger (R-12)","2308 Rayburn House Office Building","Washington","DC",20515,"653236af-aa38-4e82-9c05-93645ff175cd",2025-02-27T02:27:49Z,2025-02-27T02:27:49Z,"d50ecbb2-6384-4cad-a7f8-ae0d593a971e"
,"Texas","Lance Gooden (R-5)","2431 Rayburn House Office Building","Washington","DC",20515,"6579be69-e156-45f1-a50b-0ee21a3c9f4b",2025-02-27T02:27:49Z,2025-02-27T02:27:49Z,"d50ecbb2-6384-4cad-a7f8-ae0d593a971e"
,"Maine","Jared Golden (D-2)","1710 Longworth House Office Building","Washington","DC",20515,"65fa82c2-1ba4-445d-9540-4402b560146e",2025-02-27T02:27:48Z,2025-02-27T02:27:48Z,"d50ecbb2-6384-4cad-a7f8-ae0d593a971e"
,"Nevada","Dina Titus (D-1)","2464 Rayburn House Office Building","Washington","DC",20515,"67228d9f-80c3-4feb-ad5b-965039c7239a",2025-02-27T02:27:48Z,2025-02-27T02:27:48Z,"d50ecbb2-6384-4cad-a7f8-ae0d593a971e"
,"Utah","John Curtis (R-3)","2402 Rayburn House Office Building","Washington","DC",20515,"67701dbb-7fb2-4b88-9a38-6116d5fc1208",2025-02-27T02:27:50Z,2025-02-27T02:27:50Z,"d50ecbb2-6384-4cad-a7f8-ae0d593a971e"
,"Michigan","Tim Walberg (R-5)","2266 Rayburn House Office Building","Washington","DC",20515,"68b04807-d09c-41c9-97e7-6bbe5ece2e24",2025-02-27T02:27:48Z,2025-02-27T02:27:48Z,"d50ecbb2-6384-4cad-a7f8-ae0d593a971e"
,"California","Katie Porter (D-47)","1233 Longworth House Office Building","Washington","DC",20515,"690fb45f-8baf-44e2-ae16-f1ff8d7cdb57",2025-02-27T02:27:47Z,2025-02-27T02:27:47Z,"d50ecbb2-6384-4cad-a7f8-ae0d593a971e"
,"Michigan","Debbie Dingell (D-6)","102 Cannon House Office Building","Washington","DC",20515,"6974cb80-d885-451e-b31e-feca6146d5b3",2025-02-27T02:27:48Z,2025-02-27T02:27:48Z,"d50ecbb2-6384-4cad-a7f8-ae0d593a971e"
,"Texas","Pat Fallon (R-4)","1721 Longworth House Office Building","Washington","DC",20515,"69a97d6e-194d-4c7a-b03b-c36e73739b49",2025-02-27T02:27:49Z,2025-02-27T02:27:49Z,"d50ecbb2-6384-4cad-a7f8-ae0d593a971e"
,"Colorado","Brittany Pettersen (D-7)","1230 Longworth House Office Building","Washington","DC",20515,"69c69d62-f9f1-4969-9470-cba530b954cc",2025-02-27T02:27:47Z,2025-02-27T02:27:47Z,"d50ecbb2-6384-4cad-a7f8-ae0d593a971e"
,"Texas","Henry Cuellar (D-28)","2372 Rayburn House Office Building","Washington","DC",20515,"69fc1dc8-f7d3-4ee0-bb13-3abaa85b9c07",2025-02-27T02:27:49Z,2025-02-27T02:27:49Z,"d50ecbb2-6384-4cad-a7f8-ae0d593a971e"
,"Virginia","Jennifer Wexton (D-10)","1210 Longworth House Office Building","Washington","DC",20515,"6a89f853-cfd1-4681-b7e6-3ce8ad36bdb4",2025-02-27T02:27:50Z,2025-02-27T02:27:50Z,"d50ecbb2-6384-4cad-a7f8-ae0d593a971e"
,"Florida","Gus Bilirakis (R-12)","2354 Rayburn House Office Building","Washington","DC",20515,"6ab9e5e1-8ec3-4b70-9e7f-9393cfbac55e",2025-02-27T02:27:48Z,2025-02-27T02:27:48Z,"d50ecbb2-6384-4cad-a7f8-ae0d593a971e"
,"Tennessee","Mark Green (R-7)","2446 Rayburn House Office Building","Washington","DC",20515,"6b456a1a-ea96-4c41-8db5-e6f40670c778",2025-02-27T02:27:49Z,2025-02-27T02:27:49Z,"d50ecbb2-6384-4cad-a7f8-ae0d593a971e"
,"Alabama","Robert Aderholt (R-4)","266 Cannon House Office Building","Washington","DC",20515,"6bc2e182-6301-4a4c-95ea-5ed9287af602",2025-02-27T02:27:47Z,2025-02-27T02:27:47Z,"d50ecbb2-6384-4cad-a7f8-ae0d593a971e"
,"California","Julia Brownley (D-26)","2262 Rayburn House Office Building","Washington","DC",20515,"6c454140-fd4e-4bc7-9d0f-fe3daecf1ec0",2025-02-27T02:27:47Z,2025-02-27T02:27:47Z,"d50ecbb2-6384-4cad-a7f8-ae0d593a971e"
,"Washington","Adam Smith (D-9)","2264 Rayburn House Office Building","Washington","DC",20515,"6c5e601b-94b5-4350-b703-8517e49f3e7e",2025-02-27T02:27:50Z,2025-02-27T02:27:50Z,"d50ecbb2-6384-4cad-a7f8-ae0d593a971e"
,"Louisiana","Troy Carter (D-2)","506 Cannon House Office Building","Washington","DC",20515,"6c8b5d68-9106-4064-bb20-1498f51937e6",2025-02-27T02:27:48Z,2025-02-27T02:27:48Z,"d50ecbb2-6384-4cad-a7f8-ae0d593a971e"
,"Florida","Daniel Webster (R-11)","2184 Rayburn House Office Building","Washington","DC",20515,"6ce1c1cc-3dd2-4f45-8180-017dce635436",2025-02-27T02:27:47Z,2025-02-27T02:27:47Z,"d50ecbb2-6384-4cad-a7f8-ae0d593a971e"
,"Arizona","Raúl Grijalva (D-7)","1203 Longworth House Office Building","Washington","DC",20515,"6d1310a8-d9f1-4ff3-83b4-397875482a1d",2025-02-27T02:27:47Z,2025-02-27T02:27:47Z,"d50ecbb2-6384-4cad-a7f8-ae0d593a971e"
,"Ohio","Greg Landsman (D-1)","1434 Longworth House Office Building","Washington","DC",20515,"6e3e5f0e-f41b-479f-ab67-7f582942545c",2025-02-27T02:27:49Z,2025-02-27T02:27:49Z,"d50ecbb2-6384-4cad-a7f8-ae0d593a971e"
,"Michigan","Rashida Tlaib (D-12)","1510 Longworth House Office Building","Washington","DC",20515,"6e5cea37-797e-4ebb-a885-1774d34da651",2025-02-27T02:27:48Z,2025-02-27T02:27:48Z,"d50ecbb2-6384-4cad-a7f8-ae0d593a971e"
,"Florida","Lois Frankel (D-22)","2305 Rayburn House Office Building","Washington","DC",20515,"6e5d3d0c-e9f2-4c03-af6d-de421fc00dcd",2025-02-27T02:27:48Z,2025-02-27T02:27:48Z,"d50ecbb2-6384-4cad-a7f8-ae0d593a971e"
,"Arizona","Eli Crane (R-2)","1229 Longworth House Office Building","Washington","DC",20515,"6e73fe06-409e-4ad9-bb8b-908ff1abcf80",2025-02-27T02:27:47Z,2025-02-27T02:27:47Z,"d50ecbb2-6384-4cad-a7f8-ae0d593a971e"
,"Missouri","Sam Graves (R-6)","1135 Longworth House Office Building","Washington","DC",20515,"6ee8f95f-35b8-4828-9ce7-76afa5f1aa82",2025-02-27T02:27:48Z,2025-02-27T02:27:48Z,"d50ecbb2-6384-4cad-a7f8-ae0d593a971e"
,"New Hampshire","Chris Pappas (D-1)","452 Cannon House Office Building","Washington","DC",20515,"6f2e1617-e2ff-43d4-8453-51793a4b1997",2025-02-27T02:27:48Z,2025-02-27T02:27:48Z,"d50ecbb2-6384-4cad-a7f8-ae0d593a971e"
,"Georgia","Nikema Williams (D-5)","1406 Longworth House Office Building","Washington","DC",20515,"6f399c4c-bb46-40a4-b155-0d9b3adaf531",2025-02-27T02:27:48Z,2025-02-27T02:27:48Z,"d50ecbb2-6384-4cad-a7f8-ae0d593a971e"
,"South Carolina","William Timmons (R-4)","213 Cannon House Office Building","Washington","DC",20515,"6f4a5d56-6edd-480e-b440-6cd94ec9ed98",2025-02-27T02:27:49Z,2025-02-27T02:27:49Z,"d50ecbb2-6384-4cad-a7f8-ae0d593a971e"
,"Alabama","Gary Palmer (R-6)","207 Cannon House Office Building","Washington","DC",20515,"6fed3ac6-3f44-4b1b-bd43-1c4532296f92",2025-02-27T02:27:47Z,2025-02-27T02:27:47Z,"d50ecbb2-6384-4cad-a7f8-ae0d593a971e"
,"California","Ted Lieu (D-36)","403 Cannon House Office Building","Washington","DC",20515,"703ded8d-025d-4278-ad1b-d9e72621b875",2025-02-27T02:27:47Z,2025-02-27T02:27:47Z,"d50ecbb2-6384-4cad-a7f8-ae0d593a971e"
,"Nevada","Mark Amodei (R-2)","104 Cannon House Office Building","Washington","DC",20515,"70c79748-d5a9-45c3-8ae4-98be8349d82e",2025-02-27T02:27:48Z,2025-02-27T02:27:48Z,"d50ecbb2-6384-4cad-a7f8-ae0d593a971e"
,"California","Maxine Waters (D-42)","2221 Rayburn House Office Building","Washington","DC",20515,"70f2a398-e74c-4139-9ae5-c37a7c95ad5f",2025-02-27T02:27:47Z,2025-02-27T02:27:47Z,"d50ecbb2-6384-4cad-a7f8-ae0d593a971e"
,"Tennessee","Chuck Fleischmann (R-3)","2187 Rayburn House Office Building","Washington","DC",20515,"7103aa8b-1330-40ed-973b-1a9e9bf5ac49",2025-02-27T02:27:49Z,2025-02-27T02:27:49Z,"d50ecbb2-6384-4cad-a7f8-ae0d593a971e"
,"Pennsylvania","Lloyd Smucker (R-11)","302 Cannon House Office Building","Washington","DC",20515,"717fcc54-f941-40c8-917d-1915b978946b",2025-02-27T02:27:49Z,2025-02-27T02:27:49Z,"d50ecbb2-6384-4cad-a7f8-ae0d593a971e"
,"North Carolina","Chuck Edwards (R-11)","1505 Longworth House Office Building","Washington","DC",20515,"71875092-993e-49cd-a2a9-f820bb4d109c",2025-02-27T02:27:49Z,2025-02-27T02:27:49Z,"d50ecbb2-6384-4cad-a7f8-ae0d593a971e"
,"New York","Gregory Meeks (D-5)","2310 Rayburn House Office Building","Washington","DC",20515,"71d8558d-0945-4689-825a-bd9753335bc2",2025-02-27T02:27:49Z,2025-02-27T02:27:49Z,"d50ecbb2-6384-4cad-a7f8-ae0d593a971e"
,"Utah","Blake Moore (R-1)","1131 Longworth House Office Building","Washington","DC",20515,"72145694-216a-4261-93d1-30ddebc198fe",2025-02-27T02:27:50Z,2025-02-27T02:27:50Z,"d50ecbb2-6384-4cad-a7f8-ae0d593a971e"
,"Illinois","Sean Casten (D-6)","2440 Rayburn House Office Building","Washington","DC",20515,"72530557-5830-42d4-ad38-b087bf512a67",2025-02-27T02:27:48Z,2025-02-27T02:27:48Z,"d50ecbb2-6384-4cad-a7f8-ae0d593a971e"
,"Ohio","Marcy Kaptur (D-9)","2186 Rayburn House Office Building","Washington","DC",20515,"7261c09d-4554-4540-8770-963ba57357cd",2025-02-27T02:27:49Z,2025-02-27T02:27:49Z,"d50ecbb2-6384-4cad-a7f8-ae0d593a971e"
,"Alabama","Dale Strong (R-5)","1217 Longworth House Office Building","Washington","DC",20515,"74028155-4597-4efd-8452-8b70ef2a5943",2025-02-27T02:27:47Z,2025-02-27T02:27:47Z,"d50ecbb2-6384-4cad-a7f8-ae0d593a971e"
,"Colorado","Joe Neguse (D-2)","1419 Longworth House Office Building","Washington","DC",20515,"74674b05-4aad-4520-967b-35ef6f55ca35",2025-02-27T02:27:47Z,2025-02-27T02:27:47Z,"d50ecbb2-6384-4cad-a7f8-ae0d593a971e"
,"California","Jimmy Panetta (D-19)","304 Cannon House Office Building","Washington","DC",20515,"74828a39-9818-45eb-b2d4-57ef210cc707",2025-02-27T02:27:47Z,2025-02-27T02:27:47Z,"d50ecbb2-6384-4cad-a7f8-ae0d593a971e"
,"California","Raul Ruiz (D-25)","2342 Rayburn House Office Building","Washington","DC",20515,"7736af15-b454-4199-8ef7-44adbeb7c39c",2025-02-27T02:27:47Z,2025-02-27T02:27:47Z,"d50ecbb2-6384-4cad-a7f8-ae0d593a971e"
,"North Carolina","Kathy Manning (D-6)","222 Cannon House Office Building","Washington","DC",20515,"776b5e1c-3924-4636-8cf9-ec2afb6d9ea5",2025-02-27T02:27:49Z,2025-02-27T02:27:49Z,"d50ecbb2-6384-4cad-a7f8-ae0d593a971e"
,"Texas","Veronica Escobar (D-16)","2448 Rayburn House Office Building","Washington","DC",20515,"791c4a86-d224-410f-b55f-0eecea4f850d",2025-02-27T02:27:49Z,2025-02-27T02:27:49Z,"d50ecbb2-6384-4cad-a7f8-ae0d593a971e"
,"Florida","Sheila Cherfilus-McCormick (D-20)","242 Cannon House Office Building","Washington","DC",20515,"79c9e8d6-2f38-46f9-a923-28130133cfda",2025-02-27T02:27:48Z,2025-02-27T02:27:48Z,"d50ecbb2-6384-4cad-a7f8-ae0d593a971e"
,"Texas","Joaquin Castro (D-20)","2241 Rayburn House Office Building","Washington","DC",20515,"7a1ed1d6-8cab-4ac7-9a85-4e7015685ee4",2025-02-27T02:27:49Z,2025-02-27T02:27:49Z,"d50ecbb2-6384-4cad-a7f8-ae0d593a971e"
,"Indiana","Greg Pence (R-6)","209 Cannon House Office Building","Washington","DC",20515,"7a1ed8d5-cff0-4b5e-9fad-65b24ec69064",2025-02-27T02:27:48Z,2025-02-27T02:27:48Z,"d50ecbb2-6384-4cad-a7f8-ae0d593a971e"
,"Texas","Nathaniel Moran (R-1)","1541 Longworth House Office Building","Washington","DC",20515,"7bf7d926-6801-4722-be50-20f2dff9987d",2025-02-27T02:27:49Z,2025-02-27T02:27:49Z,"d50ecbb2-6384-4cad-a7f8-ae0d593a971e"
,"New Jersey","Rob Menendez (D-8)","1530 Longworth House Office Building","Washington","DC",20515,"7c7b5212-1ea6-4575-8430-eb034ac38e8f",2025-02-27T02:27:49Z,2025-02-27T02:27:49Z,"d50ecbb2-6384-4cad-a7f8-ae0d593a971e"
,"Michigan","Shri Thanedar (D-13)","1410 Longworth House Office Building","Washington","DC",20515,"7cdad20e-60fd-45e8-a337-7dbfcdbf3190",2025-02-27T02:27:48Z,2025-02-27T02:27:48Z,"d50ecbb2-6384-4cad-a7f8-ae0d593a971e"
,"Missouri","Emanuel Cleaver (D-5)","2217 Rayburn House Office Building","Washington","DC",20515,"7dba04f5-c8a1-4abd-8c30-c1edf73d9400",2025-02-27T02:27:48Z,2025-02-27T02:27:48Z,"d50ecbb2-6384-4cad-a7f8-ae0d593a971e"
,"California","Vince Fong (R-20)","1517 Longworth House Office Building","Washington","DC",20515,"7e1cea51-de05-4611-b100-70db39cec7ec",2025-02-27T02:27:47Z,2025-02-27T02:27:47Z,"d50ecbb2-6384-4cad-a7f8-ae0d593a971e"
,"Washington","Rick Larsen (D-2)","2163 Rayburn House Office Building","Washington","DC",20515,"7ecf81da-e65a-488e-b838-c44c21ac0489",2025-02-27T02:27:50Z,2025-02-27T02:27:50Z,"d50ecbb2-6384-4cad-a7f8-ae0d593a971e"
,"New Hampshire","Ann McLane Kuster (D-2)","2201 Rayburn House Office Building","Washington","DC",20515,"7fcf9298-d240-4db2-a2b5-0d4c0f391489",2025-02-27T02:27:48Z,2025-02-27T02:27:48Z,"d50ecbb2-6384-4cad-a7f8-ae0d593a971e"
,"Pennsylvania","John Joyce (R-13)","1525 Longworth House Office Building","Washington","DC",20515,"805e0dfc-843b-4e70-911d-eff98d962a19",2025-02-27T02:27:49Z,2025-02-27T02:27:49Z,"d50ecbb2-6384-4cad-a7f8-ae0d593a971e"
,"Tennessee","Steve Cohen (D-9)","2108 Rayburn House Office Building","Washington","DC",20515,"80934159-60cc-43e5-bfae-196d765b4583",2025-02-27T02:27:49Z,2025-02-27T02:27:49Z,"d50ecbb2-6384-4cad-a7f8-ae0d593a971e"
,"California","Michelle Steel (R-45)","1127 Longworth House Office Building","Washington","DC",20515,"8162f8b0-2316-422f-a611-59225e1b1c32",2025-02-27T02:27:47Z,2025-02-27T02:27:47Z,"d50ecbb2-6384-4cad-a7f8-ae0d593a971e"
,"New York","Nicole Malliotakis (R-11)","1651 Longworth House Office Building","Washington","DC",20515,"81a87129-103a-4fb5-85d0-6b2e6f4e5c32",2025-02-27T02:27:49Z,2025-02-27T02:27:49Z,"d50ecbb2-6384-4cad-a7f8-ae0d593a971e"
,"West Virginia","Carol Miller (R-1)","2467 Rayburn House Office Building","Washington","DC",20515,"829442b5-abaf-44cb-99a4-612726bef29e",2025-02-27T02:27:50Z,2025-02-27T02:27:50Z,"d50ecbb2-6384-4cad-a7f8-ae0d593a971e"
,"Texas","Randy Weber (R-14)","107 Cannon House Office Building","Washington","DC",20515,"838c5af9-5567-4f0e-a037-ef89181a6b09",2025-02-27T02:27:49Z,2025-02-27T02:27:49Z,"d50ecbb2-6384-4cad-a7f8-ae0d593a971e"
,"New York","Claudia Tenney (R-24)","1740 Longworth House Office Building","Washington","DC",20515,"8391bcf9-dc6f-4a25-b64f-8d3e4d1ba39a",2025-02-27T02:27:49Z,2025-02-27T02:27:49Z,"d50ecbb2-6384-4cad-a7f8-ae0d593a971e"
,"Maryland","John Sarbanes (D-3)","2370 Rayburn House Office Building","Washington","DC",20515,"847780c1-653d-4c1a-804c-5c7adc96f54a",2025-02-27T02:27:48Z,2025-02-27T02:27:48Z,"d50ecbb2-6384-4cad-a7f8-ae0d593a971e"
,"Texas","Roger Williams (R-25)","2336 Rayburn House Office Building","Washington","DC",20515,"84b0216e-a322-4547-9b7b-86dfe0753d7c",2025-02-27T02:27:49Z,2025-02-27T02:27:49Z,"d50ecbb2-6384-4cad-a7f8-ae0d593a971e"
,"New York","Joe Morelle (D-25)","1317 Longworth House Office Building","Washington","DC",20515,"84d95747-5a9d-4cb0-b06f-f3aed319af21",2025-02-27T02:27:49Z,2025-02-27T02:27:49Z,"d50ecbb2-6384-4cad-a7f8-ae0d593a971e"
,"Illinois","Eric Sorensen (D-17)","1205 Longworth House Office Building","Washington","DC",20515,"851746a9-5be4-436e-9668-20d1a5ab44b7",2025-02-27T02:27:48Z,2025-02-27T02:27:48Z,"d50ecbb2-6384-4cad-a7f8-ae0d593a971e"
,"California","Kevin Kiley (R-3)","1030 Longworth House Office Building","Washington","DC",20515,"861d561d-f7b1-4c93-9cb5-040b71b4048a",2025-02-27T02:27:47Z,2025-02-27T02:27:47Z,"d50ecbb2-6384-4cad-a7f8-ae0d593a971e"
,"Ohio","Jim Jordan (R-4)","2056 Rayburn House Office Building","Washington","DC",20515,"86b47c9b-e738-40a6-b596-a59bf41e5b7e",2025-02-27T02:27:49Z,2025-02-27T02:27:49Z,"d50ecbb2-6384-4cad-a7f8-ae0d593a971e"
,"California","Sydney Kamlager-Dove (D-37)","1523 Longworth House Office Building","Washington","DC",20515,"878fd077-b805-48c5-9bf4-1b7e6d99c005",2025-02-27T02:27:47Z,2025-02-27T02:27:47Z,"d50ecbb2-6384-4cad-a7f8-ae0d593a971e"
,"New York","Ritchie Torres (D-15)","1410 Longworth House Office Building","Washington","DC",20515,"88563849-d2a8-4a83-96d0-420e74baf522",2025-02-27T02:27:49Z,2025-02-27T02:27:49Z,"d50ecbb2-6384-4cad-a7f8-ae0d593a971e"
,"Michigan","John James (R-10)","1319 Longworth House Office Building","Washington","DC",20515,"88e37654-11fe-4242-b0c7-47bef24b60f8",2025-02-27T02:27:48Z,2025-02-27T02:27:48Z,"d50ecbb2-6384-4cad-a7f8-ae0d593a971e"
,"California","Jared Huffman (D-2)","2445 Rayburn House Office Building","Washington","DC",20515,"8b06ef06-94a2-4d85-a70d-300e49a35dda",2025-02-27T02:27:47Z,2025-02-27T02:27:47Z,"d50ecbb2-6384-4cad-a7f8-ae0d593a971e"
,"Arizona","Debbie Lesko (R-8)","1113 Longworth House Office Building","Washington","DC",20515,"8ed02797-bd2f-4fc3-b407-0477f91fad11",2025-02-27T02:27:47Z,2025-02-27T02:27:47Z,"d50ecbb2-6384-4cad-a7f8-ae0d593a971e"
,"Kentucky","Thomas Massie (R-4)","2453 Rayburn House Office Building","Washington","DC",20515,"8f74a849-3815-4354-b018-9628294d550a",2025-02-27T02:27:48Z,2025-02-27T02:27:48Z,"d50ecbb2-6384-4cad-a7f8-ae0d593a971e"
,"Mississippi","Mike Ezell (R-4)","443 Cannon House Office Building","Washington","DC",20515,"8f7b210b-89a6-4241-88e5-0535d1097444",2025-02-27T02:27:48Z,2025-02-27T02:27:48Z,"d50ecbb2-6384-4cad-a7f8-ae0d593a971e"
,"California","Adam Schiff (D-30)","2309 Rayburn House Office Building","Washington","DC",20515,"8fa34044-eb04-4d4a-a043-577c56c4d0ff",2025-02-27T02:27:47Z,2025-02-27T02:27:47Z,"d50ecbb2-6384-4cad-a7f8-ae0d593a971e"
,"Pennsylvania","Brendan Boyle (D-2)","1502 Longworth House Office Building","Washington","DC",20515,"8fabfc6f-cdcf-4aab-bbca-b7687b4480c3",2025-02-27T02:27:49Z,2025-02-27T02:27:49Z,"d50ecbb2-6384-4cad-a7f8-ae0d593a971e"
,"Colorado","Greg Lopez (R-4)","1519 Longworth House Office Building","Washington","DC",20515,"9017a441-19cf-477c-8f23-e1a1a0b7660f",2025-02-27T02:27:47Z,2025-02-27T02:27:47Z,"d50ecbb2-6384-4cad-a7f8-ae0d593a971e"
,"North Carolina","Richard Hudson (R-9)","2112 Rayburn House Office Building","Washington","DC",20515,"9074f018-494a-41a8-8502-fbdaf046340e",2025-02-27T02:27:49Z,2025-02-27T02:27:49Z,"d50ecbb2-6384-4cad-a7f8-ae0d593a971e"
,"California","Tom McClintock (R-5)","2256 Rayburn House Office Building","Washington","DC",20515,"909bc50e-3ed6-4219-adbd-e03a804b4577",2025-02-27T02:27:47Z,2025-02-27T02:27:47Z,"d50ecbb2-6384-4cad-a7f8-ae0d593a971e"
,"Missouri","Blaine Luetkemeyer (R-3)","2230 Rayburn House Office Building","Washington","DC",20515,"913b8c56-6f51-4f88-8fc8-9559b0da2e7b",2025-02-27T02:27:48Z,2025-02-27T02:27:48Z,"d50ecbb2-6384-4cad-a7f8-ae0d593a971e"
,"Texas","Brian Babin (R-36)","2236 Rayburn House Office Building","Washington","DC",20515,"91636a80-56af-4926-a301-0ddf583d1f7e",2025-02-27T02:27:50Z,2025-02-27T02:27:50Z,"d50ecbb2-6384-4cad-a7f8-ae0d593a971e"
,"Rhode Island","Gabe Amo (D-1)","1323 Longworth House Office Building","Washington","DC",20515,"92ea5bb5-6bff-491c-b54e-046586fa819e",2025-02-27T02:27:49Z,2025-02-27T02:27:49Z,"d50ecbb2-6384-4cad-a7f8-ae0d593a971e"
,"Mississippi","Trent Kelly (R-1)","2243 Rayburn House Office Building","Washington","DC",20515,"9322b5b2-b1a9-4b7d-bb73-99f92db643ad",2025-02-27T02:27:48Z,2025-02-27T02:27:48Z,"d50ecbb2-6384-4cad-a7f8-ae0d593a971e"
,"Illinois","Brad Schneider (D-10)","300 Cannon House Office Office Building","Washington","DC",20515,"944d93ef-426a-4b19-9d74-a05285157f10",2025-02-27T02:27:48Z,2025-02-27T02:27:48Z,"d50ecbb2-6384-4cad-a7f8-ae0d593a971e"
,"Ohio","Max Miller (R-7)","143 Cannon House Office Building","Washington","DC",20515,"948fd700-8fd7-4a1e-bf13-5bb1fde89ea5",2025-02-27T02:27:49Z,2025-02-27T02:27:49Z,"d50ecbb2-6384-4cad-a7f8-ae0d593a971e"
,"New York","Jerry Nadler (D-12)","2132 Rayburn House Office Building","Washington","DC",20515,"95a61d18-e74b-4a52-83af-a0012ff7b01b",2025-02-27T02:27:49Z,2025-02-27T02:27:49Z,"d50ecbb2-6384-4cad-a7f8-ae0d593a971e"
,"Florida","Cory Mills (R-7)","1231 Longworth House Office Building","Washington","DC",20515,"95ab0c1a-9e2d-4dbf-b281-c2afca4b65a5",2025-02-27T02:27:47Z,2025-02-27T02:27:47Z,"d50ecbb2-6384-4cad-a7f8-ae0d593a971e"
,"Texas","Tony Gonzales (R-23)","224 Cannon House Office Building","Washington","DC",20515,"9622c3d0-10a2-472e-85ec-3b5558078bcb",2025-02-27T02:27:49Z,2025-02-27T02:27:49Z,"d50ecbb2-6384-4cad-a7f8-ae0d593a971e"
,"Nevada","Steven Horsford (D-4)","1523 Longworth House Office Building","Washington","DC",20515,"96f9488a-e805-4118-afd4-d372bd718b03",2025-02-27T02:27:48Z,2025-02-27T02:27:48Z,"d50ecbb2-6384-4cad-a7f8-ae0d593a971e"
,"California","Luz Rivas (D-29)","1210 Longworth House Office Building","Washington","DC",20515,"978768ff-3063-4a32-a150-230f703a73a3",2025-02-27T02:27:47Z,2025-02-27T02:27:47Z,"d50ecbb2-6384-4cad-a7f8-ae0d593a971e"
,"Florida","Carlos Giménez (R-28)","448 Cannon House Office Building","Washington","DC",20515,"983c6b26-b958-44df-9cb8-3e5b8305dea3",2025-02-27T02:27:48Z,2025-02-27T02:27:48Z,"d50ecbb2-6384-4cad-a7f8-ae0d593a971e"
,"New York","Nydia Velázquez (D-7)","2302 Rayburn House Office Building","Washington","DC",20515,"98da3006-4979-482a-8f05-a7079d57a96b",2025-02-27T02:27:49Z,2025-02-27T02:27:49Z,"d50ecbb2-6384-4cad-a7f8-ae0d593a971e"
,"Michigan","John Moolenaar (R-2)","2469 Rayburn House Office Building","Washington","DC",20515,"992aafe8-8261-46e9-b42d-75ef97d66d23",2025-02-27T02:27:48Z,2025-02-27T02:27:48Z,"d50ecbb2-6384-4cad-a7f8-ae0d593a971e"
,"California","Anna Eshoo (D-16)","202 Cannon House Office Building","Washington","DC",20515,"99402bf1-187d-4dad-87c1-53eb303eeca9",2025-02-27T02:27:47Z,2025-02-27T02:27:47Z,"d50ecbb2-6384-4cad-a7f8-ae0d593a971e"
,"Tennessee","Andy Ogles (R-5)","1513 Longworth House Office Building","Washington","DC",20515,"99ade5ae-9cfa-4394-8509-f1e4eae46d08",2025-02-27T02:27:49Z,2025-02-27T02:27:49Z,"d50ecbb2-6384-4cad-a7f8-ae0d593a971e"
,"Minnesota","Angie Craig (D-2)","2442 Rayburn House Office Building","Washington","DC",20515,"9a3e15bf-a6c4-459e-ab85-8fb44360f29c",2025-02-27T02:27:48Z,2025-02-27T02:27:48Z,"d50ecbb2-6384-4cad-a7f8-ae0d593a971e"
,"New York","Adriano Espaillat (D-13)","2335 Rayburn House Office Building","Washington","DC",20515,"9ac4d832-efb1-44b5-b2e6-e3dda9b60354",2025-02-27T02:27:49Z,2025-02-27T02:27:49Z,"d50ecbb2-6384-4cad-a7f8-ae0d593a971e"
,"Oregon","Andrea Salinas (D-6)","1531 Longworth House Office Building","Washington","DC",20515,"9bb0fcae-779c-4c04-a170-b392b1ee25e3",2025-02-27T02:27:49Z,2025-02-27T02:27:49Z,"d50ecbb2-6384-4cad-a7f8-ae0d593a971e"
,"Missouri","Mark Alford (R-4)","1516 Longworth House Office Building","Washington","DC",20515,"9bcedbc7-bbaa-4acf-b983-9ccf6b6dad9a",2025-02-27T02:27:48Z,2025-02-27T02:27:48Z,"d50ecbb2-6384-4cad-a7f8-ae0d593a971e"
,"Florida","Kathy Castor (D-14)","2052 Rayburn House Office Building","Washington","DC",20515,"9bcfc8eb-bd9f-48bf-9d92-446744d56812",2025-02-27T02:27:48Z,2025-02-27T02:27:48Z,"d50ecbb2-6384-4cad-a7f8-ae0d593a971e"
,"New York","Alexandria Ocasio-Cortez (D-14)","216 Cannon House Office Building","Washington","DC",20515,"9c8cc35b-00be-4a40-a6f0-a79c96c670e4",2025-02-27T02:27:49Z,2025-02-27T02:27:49Z,"d50ecbb2-6384-4cad-a7f8-ae0d593a971e"
,"Michigan","Hillary Scholten (D-3)","1217 Longworth House Office Building","Washington","DC",20515,"9e2f2d51-e1d9-47df-8992-60248d229410",2025-02-27T02:27:48Z,2025-02-27T02:27:48Z,"d50ecbb2-6384-4cad-a7f8-ae0d593a971e"
,"Illinois","Mike Bost (R-12)","1239 Longworth House Office Building","Washington","DC",20515,"9e58644c-046f-42cd-afc1-56f74f5facac",2025-02-27T02:27:48Z,2025-02-27T02:27:48Z,"d50ecbb2-6384-4cad-a7f8-ae0d593a971e"
,"Pennsylvania","Glenn Thompson (R-15)","400 Cannon House Office Building","Washington","DC",20515,"9e5d0317-44a7-40fc-8971-2baeb1f8b56d",2025-02-27T02:27:49Z,2025-02-27T02:27:49Z,"d50ecbb2-6384-4cad-a7f8-ae0d593a971e"
,"Utah","Burgess Owens (R-4)","1039 Longworth House Office Building","Washington","DC",20515,"9e65cc97-34ca-469a-aa4f-1726bfa7bd22",2025-02-27T02:27:50Z,2025-02-27T02:27:50Z,"d50ecbb2-6384-4cad-a7f8-ae0d593a971e"
,"New Jersey","Josh Gottheimer (D-5)","203 Cannon House Office Building","Washington","DC",20515,"9ec742a2-2c93-4409-9537-3041ab9bbe98",2025-02-27T02:27:48Z,2025-02-27T02:27:48Z,"d50ecbb2-6384-4cad-a7f8-ae0d593a971e"
,"Florida","Neal Dunn (R-2)","2160 Rayburn House Office Building","Washington","DC",20515,"9f51f598-1040-41fe-aae4-de3b1ff6efbc",2025-02-27T02:27:47Z,2025-02-27T02:27:47Z,"d50ecbb2-6384-4cad-a7f8-ae0d593a971e"
,"North Carolina","Virginia Foxx (R-5)","2462 Rayburn House Office Building","Washington","DC",20515,"a0438ac2-2b69-49f5-a0f4-6906374b6663",2025-02-27T02:27:49Z,2025-02-27T02:27:49Z,"d50ecbb2-6384-4cad-a7f8-ae0d593a971e"
,"Georgia","Marjorie Taylor Greene (R-9)","1023 Longworth House Office Building","Washington","DC",20515,"a07d13ba-17ce-4ef2-9daa-3fe15459669a",2025-02-27T02:27:48Z,2025-02-27T02:27:48Z,"d50ecbb2-6384-4cad-a7f8-ae0d593a971e"
,"New Mexico","Melanie Stansbury (D-1)","1421 Longworth House Office Building","Washington","DC",20515,"a0af0dee-9265-4b2a-8f6a-145a89e681c1",2025-02-27T02:27:49Z,2025-02-27T02:27:49Z,"d50ecbb2-6384-4cad-a7f8-ae0d593a971e"
,"Texas","Ronny Jackson (R-13)","446 Cannon House Office Building","Washington","DC",20515,"a16f0790-2033-4eb4-9b72-0d3ade58e493",2025-02-27T02:27:49Z,2025-02-27T02:27:49Z,"d50ecbb2-6384-4cad-a7f8-ae0d593a971e"
,"California","Salud Carbajal (D-24)","2331 Rayburn House Office Building","Washington","DC",20515,"a18606ac-82bb-4c2c-a77d-1aba4a5f856f",2025-02-27T02:27:47Z,2025-02-27T02:27:47Z,"d50ecbb2-6384-4cad-a7f8-ae0d593a971e"
,"Ohio","Warren Davidson (R-8)","2113 Rayburn House Office Building","Washington","DC",20515,"a21acae4-cc60-4487-8cca-493086eb08d8",2025-02-27T02:27:49Z,2025-02-27T02:27:49Z,"d50ecbb2-6384-4cad-a7f8-ae0d593a971e"
,"Kentucky","Hal Rogers (R-5)","2406 Rayburn House Office Building","Washington","DC",20515,"a27904fd-26a8-4269-9135-1d69cdfd5708",2025-02-27T02:27:48Z,2025-02-27T02:27:48Z,"d50ecbb2-6384-4cad-a7f8-ae0d593a971e"
,"New York","Marc Molinaro (R-19)","1631 Longworth House Office Building","Washington","DC",20515,"a28e8b11-8206-4a04-842d-3b70cf37d054",2025-02-27T02:27:49Z,2025-02-27T02:27:49Z,"d50ecbb2-6384-4cad-a7f8-ae0d593a971e"
,"Tennessee","David Kustoff (R-8)","2346 Rayburn House Office Building","Washington","DC",20515,"a2eb2046-9ff9-44b5-bdb9-dd5a8ee9956d",2025-02-27T02:27:49Z,2025-02-27T02:27:49Z,"d50ecbb2-6384-4cad-a7f8-ae0d593a971e"
,"Georgia","Barry Loudermilk (R-10)","2133 Rayburn House Office Building","Washington","DC",20515,"a483fea2-c874-49c6-8d53-dbd7c5e8e7f3",2025-02-27T02:27:48Z,2025-02-27T02:27:48Z,"d50ecbb2-6384-4cad-a7f8-ae0d593a971e"
,"Maryland","Kweisi Mfume (D-7)","2419 Rayburn House Office Building","Washington","DC",20515,"a48d2611-91b1-4a4c-95aa-61fec7754777",2025-02-27T02:27:48Z,2025-02-27T02:27:48Z,"d50ecbb2-6384-4cad-a7f8-ae0d593a971e"
,"Texas","Sheila Jackson Lee (D-18)","2420 Rayburn House Office Building","Washington","DC",20515,"a4e63467-5df1-4c89-8095-f3aab61ec6a8",2025-02-27T02:27:49Z,2025-02-27T02:27:49Z,"d50ecbb2-6384-4cad-a7f8-ae0d593a971e"
,"Indiana","Larry Bucshon (R-8)","2313 Rayburn House Office Building","Washington","DC",20515,"a52553be-3ad9-49f7-a500-f106c65819ac",2025-02-27T02:27:48Z,2025-02-27T02:27:48Z,"d50ecbb2-6384-4cad-a7f8-ae0d593a971e"
,"Georgia","Richard McCormick (R-14)","1221 Longworth House Office Building","Washington","DC",20515,"a575992c-9740-400d-95d4-c65606770fba",2025-02-27T02:27:48Z,2025-02-27T02:27:48Z,"d50ecbb2-6384-4cad-a7f8-ae0d593a971e"
,"Louisiana","Steve Scalise (R-1)","2049 Rayburn House Office Building","Washington","DC",20515,"a59ef18d-13d3-4095-ab0c-cd0412767a88",2025-02-27T02:27:48Z,2025-02-27T02:27:48Z,"d50ecbb2-6384-4cad-a7f8-ae0d593a971e"
,"Wisconsin","Bryan Steil (R-1)","2408 Rayburn House Office Building","Washington","DC",20515,"a5a7a56d-7c15-4588-ada5-8ef123efc990",2025-02-27T02:27:50Z,2025-02-27T02:27:50Z,"d50ecbb2-6384-4cad-a7f8-ae0d593a971e"
,"New York","Dan Goldman (D-10)","2455 Rayburn House Office Building","Washington","DC",20515,"a5b8ca7a-3396-4893-8d30-708cd007dd12",2025-02-27T02:27:49Z,2025-02-27T02:27:49Z,"d50ecbb2-6384-4cad-a7f8-ae0d593a971e"
,"Texas","Pete Sessions (R-17)","2204 Rayburn House Office Building","Washington","DC",20515,"a69f3040-9182-4e00-9968-7e166334f681",2025-02-27T02:27:49Z,2025-02-27T02:27:49Z,"d50ecbb2-6384-4cad-a7f8-ae0d593a971e"
,"Kansas","Jake LaTurner (R-2)","2441 Rayburn House Office Building","Washington","DC",20515,"a79f291b-866f-4ca3-8b2b-1173bb2f56a5",2025-02-27T02:27:48Z,2025-02-27T02:27:48Z,"d50ecbb2-6384-4cad-a7f8-ae0d593a971e"
,"California","Young Kim (R-40)","1306 Longworth House Office Building","Washington","DC",20515,"a7b5e7d3-0fad-498a-b315-de4b45f8fe84",2025-02-27T02:27:47Z,2025-02-27T02:27:47Z,"d50ecbb2-6384-4cad-a7f8-ae0d593a971e"
,"Arizona","Andy Biggs (R-5)","252 Cannon House Office Building","Washington","DC",20515,"a7b874ad-c5cd-4a7c-a9dd-9ab169311be1",2025-02-27T02:27:47Z,2025-02-27T02:27:47Z,"d50ecbb2-6384-4cad-a7f8-ae0d593a971e"
,"Louisiana","Clay Higgins (R-3)","2349 Rayburn House Office Building","Washington","DC",20515,"a7ed9ab6-23a6-4b98-ac31-5b48effedcde",2025-02-27T02:27:48Z,2025-02-27T02:27:48Z,"d50ecbb2-6384-4cad-a7f8-ae0d593a971e"
,"Colorado","Yadira Caraveo (D-5)","1024 Longworth House Office Building","Washington","DC",20515,"a8139d27-11d2-4be8-960c-12b0a55e7a98",2025-02-27T02:27:47Z,2025-02-27T02:27:47Z,"d50ecbb2-6384-4cad-a7f8-ae0d593a971e"
,"Michigan","Haley Stevens (D-11)","2411 Rayburn House Office Building","Washington","DC",20515,"a8761669-b7bd-4b1f-a477-2080cffef4c6",2025-02-27T02:27:48Z,2025-02-27T02:27:48Z,"d50ecbb2-6384-4cad-a7f8-ae0d593a971e"
,"Texas","Al Green (D-9)","2347 Rayburn House Office Building","Washington","DC",20515,"a9cc32a5-a3c3-4259-9282-c6eb56901911",2025-02-27T02:27:49Z,2025-02-27T02:27:49Z,"d50ecbb2-6384-4cad-a7f8-ae0d593a971e"
,"Pennsylvania","Matt Cartwright (D-8)","2102 Rayburn House Office Building","Washington","DC",20515,"aa2489c4-6982-43a8-a138-f4591e99c4f8",2025-02-27T02:27:49Z,2025-02-27T02:27:49Z,"d50ecbb2-6384-4cad-a7f8-ae0d593a971e"
,"North Carolina","Wiley Nickel (D-13)","1133 Longworth House Office Building","Washington","DC",20515,"aa311d19-5073-4102-b598-4cbaf7b9e18d",2025-02-27T02:27:49Z,2025-02-27T02:27:49Z,"d50ecbb2-6384-4cad-a7f8-ae0d593a971e"
,"West Virginia","Alex Mooney (R-2)","2469 Rayburn House Office Building","Washington","DC",20515,"aa75ec08-22c7-4b69-aff7-c8b68eb55124",2025-02-27T02:27:50Z,2025-02-27T02:27:50Z,"d50ecbb2-6384-4cad-a7f8-ae0d593a971e"
,"Indiana","Frank Mrvan (D-1)","1607 Longworth House Office Building","Washington","DC",20515,"abdcf0ee-02b7-4b20-85a4-20f570c16ca0",2025-02-27T02:27:48Z,2025-02-27T02:27:48Z,"d50ecbb2-6384-4cad-a7f8-ae0d593a971e"
,"Indiana","Erin Houchin (R-9)","1630 Longworth House Office Building","Washington","DC",20515,"ac35ceba-8255-4e5e-8ca2-ae9e4a6173d2",2025-02-27T02:27:48Z,2025-02-27T02:27:48Z,"d50ecbb2-6384-4cad-a7f8-ae0d593a971e"
,"Texas","Jake Ellzey (R-6)","1725 Longworth House Office Building","Washington","DC",20515,"ac7a7010-f279-47ef-9cc5-04e923908e5a",2025-02-27T02:27:49Z,2025-02-27T02:27:49Z,"d50ecbb2-6384-4cad-a7f8-ae0d593a971e"
,"Massachusetts","Jake Auchincloss (D-4)","1524 Longworth House Office Building","Washington","DC",20515,"adacf6d7-3705-4006-81ce-04dbad5e1ecf",2025-02-27T02:27:48Z,2025-02-27T02:27:48Z,"d50ecbb2-6384-4cad-a7f8-ae0d593a971e"
,"Florida","Brian Mast (R-21)","2182 Rayburn House Office Building","Washington","DC",20515,"adbd0aa5-bb15-48c3-879f-cdc10cdaf9d3",2025-02-27T02:27:48Z,2025-02-27T02:27:48Z,"d50ecbb2-6384-4cad-a7f8-ae0d593a971e"
,"Pennsylvania","Brian Fitzpatrick (R-1)","271 Cannon House Office Building","Washington","DC",20515,"adf70da3-20e1-491b-8a03-5ab65a8df46e",2025-02-27T02:27:49Z,2025-02-27T02:27:49Z,"d50ecbb2-6384-4cad-a7f8-ae0d593a971e"
,"Florida","Anna Paulina Luna (R-13)","1017 Longworth House Office Building","Washington","DC",20515,"ae786638-c3e0-4657-96ff-897015a4fee6",2025-02-27T02:27:48Z,2025-02-27T02:27:48Z,"d50ecbb2-6384-4cad-a7f8-ae0d593a971e"
,"New York","Nick Langworthy (R-23)","1630 Longworth House Office Building","Washington","DC",20515,"af3985c8-cb4f-49eb-8b20-b1c85d406210",2025-02-27T02:27:49Z,2025-02-27T02:27:49Z,"d50ecbb2-6384-4cad-a7f8-ae0d593a971e"
,"Texas","Jodey Arrington (R-19)","1107 Longworth House Office Building","Washington","DC",20515,"af7015c6-6773-4122-b05d-674880cb19dd",2025-02-27T02:27:49Z,2025-02-27T02:27:49Z,"d50ecbb2-6384-4cad-a7f8-ae0d593a971e"
,"California","Jimmy Gomez (D-34)","1034 Longworth House Office Building","Washington","DC",20515,"b0200b0f-4996-4595-ad84-c6d125851863",2025-02-27T02:27:47Z,2025-02-27T02:27:47Z,"d50ecbb2-6384-4cad-a7f8-ae0d593a971e"
,"New York","Brian Higgins (D-26)","2269 Rayburn House Office Building","Washington","DC",20515,"b07c9410-c99d-4b63-b1e0-75a5a3dd3ddd",2025-02-27T02:27:49Z,2025-02-27T02:27:49Z,"d50ecbb2-6384-4cad-a7f8-ae0d593a971e"
,"Colorado","Lauren Boebert (R-3)","1609 Longworth House Office Building","Washington","DC",20515,"b12ca87e-b2f4-4c5f-b87c-41fe16272b60",2025-02-27T02:27:47Z,2025-02-27T02:27:47Z,"d50ecbb2-6384-4cad-a7f8-ae0d593a971e"
,"Nebraska","Mike Flood (R-1)","343 Cannon House Office Building","Washington","DC",20515,"b14782b4-d6b9-47cb-bf8e-f8aefa98416b",2025-02-27T02:27:48Z,2025-02-27T02:27:48Z,"d50ecbb2-6384-4cad-a7f8-ae0d593a971e"
,"California","Norma Torres (D-35)","2227 Rayburn House Office Building","Washington","DC",20515,"b21eb639-ccde-4c19-81fd-193765ced16c",2025-02-27T02:27:47Z,2025-02-27T02:27:47Z,"d50ecbb2-6384-4cad-a7f8-ae0d593a971e"
,"Virginia","Don Beyer (D-8)","1119 Longworth House Office Building","Washington","DC",20515,"b276604b-95ee-4f07-97a2-7ba15b61538e",2025-02-27T02:27:50Z,2025-02-27T02:27:50Z,"d50ecbb2-6384-4cad-a7f8-ae0d593a971e"
,"Maryland","Dutch Ruppersberger (D-2)","2206 Rayburn House Office Building","Washington","DC",20515,"b28fbc6d-cf3d-4bf1-a8d8-8d0bfaf40460",2025-02-27T02:27:48Z,2025-02-27T02:27:48Z,"d50ecbb2-6384-4cad-a7f8-ae0d593a971e"
,"California","Brad Sherman (D-32)","2365 Rayburn House Office Building","Washington","DC",20515,"b3c1f1d1-2084-403d-b4fb-f4c4a5459310",2025-02-27T02:27:47Z,2025-02-27T02:27:47Z,"d50ecbb2-6384-4cad-a7f8-ae0d593a971e"
,"Louisiana","Julia Letlow (R-5)","1408 Longworth House Office Building","Washington","DC",20515,"b4cb8b08-1524-47d5-82bc-0d88fffeb6cc",2025-02-27T02:27:48Z,2025-02-27T02:27:48Z,"d50ecbb2-6384-4cad-a7f8-ae0d593a971e"
,"New Jersey","Chris Smith (R-4)","2264 Rayburn House Office Building","Washington","DC",20515,"b55acf1e-451a-4394-a8c1-581042a5a829",2025-02-27T02:27:48Z,2025-02-27T02:27:48Z,"d50ecbb2-6384-4cad-a7f8-ae0d593a971e"
,"Virginia","Jen Kiggans (R-2)","1037 Longworth House Office Building","Washington","DC",20515,"b55c8773-7e87-4012-8097-756f4cbdd909",2025-02-27T02:27:50Z,2025-02-27T02:27:50Z,"d50ecbb2-6384-4cad-a7f8-ae0d593a971e"
,"North Carolina","Greg Murphy (R-3)","407 Cannon House Office Building","Washington","DC",20515,"b55d287f-97b8-4e40-9b04-b27daae6cfc3",2025-02-27T02:27:49Z,2025-02-27T02:27:49Z,"d50ecbb2-6384-4cad-a7f8-ae0d593a971e"
,"Mississippi","Bennie Thompson (D-2)","2466 Rayburn House Office Building","Washington","DC",20515,"b5c492f2-1480-438c-a30c-cf3c4a0bf970",2025-02-27T02:27:48Z,2025-02-27T02:27:48Z,"d50ecbb2-6384-4cad-a7f8-ae0d593a971e"
,"Washington","Kim Schrier (D-8)","1110 Longworth House Office Building","Washington","DC",20515,"b6186c55-1611-4dd0-bb64-3a8a538f5977",2025-02-27T02:27:50Z,2025-02-27T02:27:50Z,"d50ecbb2-6384-4cad-a7f8-ae0d593a971e"
,"Georgia","Andrew Clyde (R-7)","445 Cannon House Office Building","Washington","DC",20515,"b7e1e8ff-54f3-4e67-afb1-f11e3fbb79c9",2025-02-27T02:27:48Z,2025-02-27T02:27:48Z,"d50ecbb2-6384-4cad-a7f8-ae0d593a971e"
,"Arkansas","Rick Crawford (R-1)","2422 Rayburn House Office Building","Washington","DC",20515,"b8093f51-f743-40d8-b603-9eb5ad269420",2025-02-27T02:27:47Z,2025-02-27T02:27:47Z,"d50ecbb2-6384-4cad-a7f8-ae0d593a971e"
,"Iowa","Ashley Hinson (R-2)","1717 Longworth House Office Building","Washington","DC",20515,"b84e9994-d2bd-4935-b48e-a031891df8d2",2025-02-27T02:27:48Z,2025-02-27T02:27:48Z,"d50ecbb2-6384-4cad-a7f8-ae0d593a971e"
,"South Carolina","Jeff Duncan (R-3)","2229 Rayburn House Office Building","Washington","DC",20515,"b85b7b48-1b53-42f8-87a9-f64ca391023f",2025-02-27T02:27:49Z,2025-02-27T02:27:49Z,"d50ecbb2-6384-4cad-a7f8-ae0d593a971e"
,"North Carolina","Dan Bishop (R-8)","2459 Rayburn House Office Building","Washington","DC",20515,"b873a86f-cc54-46dd-8a81-231bd6c2ef34",2025-02-27T02:27:49Z,2025-02-27T02:27:49Z,"d50ecbb2-6384-4cad-a7f8-ae0d593a971e"
,"New Jersey","Andy Kim (D-3)","2444 Rayburn House Office Building","Washington","DC",20515,"b9520d81-003d-4edd-af36-77359ea61a83",2025-02-27T02:27:48Z,2025-02-27T02:27:48Z,"d50ecbb2-6384-4cad-a7f8-ae0d593a971e"
,"Arizona","Greg Stanton (D-4)","213 Cannon House Office Building","Washington","DC",20515,"bb0c31e1-e4a0-4866-80f0-52dd087950ab",2025-02-27T02:27:47Z,2025-02-27T02:27:47Z,"d50ecbb2-6384-4cad-a7f8-ae0d593a971e"
,"Illinois","Jonathan Jackson (D-1)","1641 Longworth House Office Building","Washington","DC",20515,"bbcdcdbc-c4e3-407f-b525-78c5f515228c",2025-02-27T02:27:48Z,2025-02-27T02:27:48Z,"d50ecbb2-6384-4cad-a7f8-ae0d593a971e"
,"Alabama","Terri Sewell (D-7)","1032 Longworth House Office Building","Washington","DC",20515,"bc2ad4a9-e9bf-47b5-832e-2fef614fa32b",2025-02-27T02:27:47Z,2025-02-27T02:27:47Z,"d50ecbb2-6384-4cad-a7f8-ae0d593a971e"
,"Texas","Vicente Gonzalez (D-34)","113 Cannon House Office Building","Washington","DC",20515,"bc40bc24-8dd4-4ef2-88c8-e29c106fdfcd",2025-02-27T02:27:49Z,2025-02-27T02:27:49Z,"d50ecbb2-6384-4cad-a7f8-ae0d593a971e"
,"North Carolina","Alma Adams (D-12)","2436 Rayburn House Office Building","Washington","DC",20515,"bd2f2425-2878-4f11-be80-85721681d241",2025-02-27T02:27:49Z,2025-02-27T02:27:49Z,"d50ecbb2-6384-4cad-a7f8-ae0d593a971e"
,"Maryland","Glenn Ivey (D-4)","1529 Longworth House Office Building","Washington","DC",20515,"bd8e146b-e50f-4f41-b208-0dd3ab538c13",2025-02-27T02:27:48Z,2025-02-27T02:27:48Z,"d50ecbb2-6384-4cad-a7f8-ae0d593a971e"
,"California","Grace Napolitano (D-31)","1610 Longworth House Office Building","Washington","DC",20515,"bedc1b94-797e-4ca7-8750-fc6890228245",2025-02-27T02:27:47Z,2025-02-27T02:27:47Z,"d50ecbb2-6384-4cad-a7f8-ae0d593a971e"
,"Virginia","Abigail Spanberger (D-7)","1541 Longworth House Office Building","Washington","DC",20515,"bf066c94-31b4-4269-8ee8-12a921997662",2025-02-27T02:27:50Z,2025-02-27T02:27:50Z,"d50ecbb2-6384-4cad-a7f8-ae0d593a971e"
,"Florida","Frederica Wilson (D-24)","2080 Rayburn House Office Building","Washington","DC",20515,"bf3f5942-6da8-4df1-8fbe-8bbdee9ab312",2025-02-27T02:27:48Z,2025-02-27T02:27:48Z,"d50ecbb2-6384-4cad-a7f8-ae0d593a971e"
,"New Jersey","Donald Norcross (D-1)","2427 Rayburn House Office Building","Washington","DC",20515,"c0d620fd-c7b1-4406-bd42-336d015d9498",2025-02-27T02:27:48Z,2025-02-27T02:27:48Z,"d50ecbb2-6384-4cad-a7f8-ae0d593a971e"
,"New York","Elise Stefanik (R-21)","2211 Rayburn House Office Building","Washington","DC",20515,"c1a05dba-4bed-4f8b-90fe-0a67eb5d51e3",2025-02-27T02:27:49Z,2025-02-27T02:27:49Z,"d50ecbb2-6384-4cad-a7f8-ae0d593a971e"
,"Minnesota","Dean Phillips (D-3)","2452 Rayburn House Office Building","Washington","DC",20515,"c4573d92-6b21-421a-9158-602d533bb4b5",2025-02-27T02:27:48Z,2025-02-27T02:27:48Z,"d50ecbb2-6384-4cad-a7f8-ae0d593a971e"
,"Illinois","Mike Quigley (D-5)","2458 Rayburn House Office Building","Washington","DC",20515,"c493ffbf-2fd2-43b6-926b-db71df385fab",2025-02-27T02:27:48Z,2025-02-27T02:27:48Z,"d50ecbb2-6384-4cad-a7f8-ae0d593a971e"
,"Colorado","Diana DeGette (D-1)","2111 Rayburn House Office Building","Washington","DC",20515,"c60bd3c2-1661-40fa-aa17-e7cff58b2db8",2025-02-27T02:27:47Z,2025-02-27T02:27:47Z,"d50ecbb2-6384-4cad-a7f8-ae0d593a971e"
,"Arizona","Ruben Gallego (D-3)","1114 Longworth House Office Building","Washington","DC",20515,"c60ca7cf-43c9-4de8-ac1d-a83a86488f16",2025-02-27T02:27:47Z,2025-02-27T02:27:47Z,"d50ecbb2-6384-4cad-a7f8-ae0d593a971e"
,"Idaho","Russ Fulcher (R-1)","1520 Longworth House Office Building","Washington","DC",20515,"c617bba3-0235-4b30-a2cd-4f079dd1cddb",2025-02-27T02:27:48Z,2025-02-27T02:27:48Z,"d50ecbb2-6384-4cad-a7f8-ae0d593a971e"
,"District of Columbia","Eleanor Holmes Norton (D-AL)","2136 Rayburn House Office Building","Washington","DC",20515,"c659375a-3794-48d1-afb4-f82ff7f6d9d1",2025-02-27T02:27:47Z,2025-02-27T02:27:47Z,"d50ecbb2-6384-4cad-a7f8-ae0d593a971e"
,"Georgia","Austin Scott (R-13)","2417 Rayburn House Office Building","Washington","DC",20515,"c779230c-7b98-4f6e-b221-fd900d14309e",2025-02-27T02:27:48Z,2025-02-27T02:27:48Z,"d50ecbb2-6384-4cad-a7f8-ae0d593a971e"
,"Florida","Byron Donalds (R-19)","1719 Longworth House Office Building","Washington","DC",20515,"c7823215-0819-42cd-a5af-47d614e5bc6b",2025-02-27T02:27:48Z,2025-02-27T02:27:48Z,"d50ecbb2-6384-4cad-a7f8-ae0d593a971e"
,"Michigan","Dan Kildee (D-8)","200 Cannon House Office Building","Washington","DC",20515,"c7970e5a-5af3-46a9-b922-84fbac33dc22",2025-02-27T02:27:48Z,2025-02-27T02:27:48Z,"d50ecbb2-6384-4cad-a7f8-ae0d593a971e"
,"North Carolina","Deborah Ross (D-2)","2231 Rayburn House Office Building","Washington","DC",20515,"c7993183-e2cf-4c78-859d-902d46f44bd5",2025-02-27T02:27:49Z,2025-02-27T02:27:49Z,"d50ecbb2-6384-4cad-a7f8-ae0d593a971e"
,"Arizona","David Schweikert (R-1)","460 Cannon House Office Building","Washington","DC",20515,"c7e558fc-e188-4f95-bd95-e67669d9ee35",2025-02-27T02:27:47Z,2025-02-27T02:27:47Z,"d50ecbb2-6384-4cad-a7f8-ae0d593a971e"
,"Texas","Beth Van Duyne (R-24)","1725 Longworth House Office Building","Washington","DC",20515,"c84460d2-486b-4a27-8a94-5a02301ea3d2",2025-02-27T02:27:49Z,2025-02-27T02:27:49Z,"d50ecbb2-6384-4cad-a7f8-ae0d593a971e"
,"Ohio","Bob Latta (R-5)","2467 Rayburn House Office Building","Washington","DC",20515,"c9cf64a0-deb0-42a6-81fe-78ee4448319f",2025-02-27T02:27:49Z,2025-02-27T02:27:49Z,"d50ecbb2-6384-4cad-a7f8-ae0d593a971e"
,"Florida","Scott Franklin (R-18)","1507 Longworth House Office Building","Washington","DC",20515,"c9ff2435-8b2a-434e-be7e-74f57327f8d4",2025-02-27T02:27:48Z,2025-02-27T02:27:48Z,"d50ecbb2-6384-4cad-a7f8-ae0d593a971e"
,"California","Scott Peters (D-50)","2214 Rayburn House Office Building","Washington","DC",20515,"ca08e43f-ad01-4c98-aea7-a1d5aa54cbde",2025-02-27T02:27:47Z,2025-02-27T02:27:47Z,"d50ecbb2-6384-4cad-a7f8-ae0d593a971e"
,"Northern Mariana Islands","Gregorio Kilili Camacho Sablan (D-AL)","2267 Rayburn House Office Building","Washington","DC",20515,"ca2cf011-1263-4019-b68b-c9c055de7cb6",2025-02-27T02:27:49Z,2025-02-27T02:27:49Z,"d50ecbb2-6384-4cad-a7f8-ae0d593a971e"
,"Wisconsin","Mark Pocan (D-2)","1026 Longworth House Office Building","Washington","DC",20515,"caeb40dd-5344-44ff-ac13-7bf7b72499d9",2025-02-27T02:27:50Z,2025-02-27T02:27:50Z,"d50ecbb2-6384-4cad-a7f8-ae0d593a971e"
,"Wisconsin","Mike Gallagher (R-8)","1232 Longworth House Office Building","Washington","DC",20515,"cb6f52dd-2da9-4e4a-958b-5296488a757b",2025-02-27T02:27:50Z,2025-02-27T02:27:50Z,"d50ecbb2-6384-4cad-a7f8-ae0d593a971e"
,"Virginia","Ben Cline (R-6)","2350 Rayburn House Office Building","Washington","DC",20515,"cb97afe6-7779-40d5-a158-f4aabed1c89b",2025-02-27T02:27:50Z,2025-02-27T02:27:50Z,"d50ecbb2-6384-4cad-a7f8-ae0d593a971e"
,"Michigan","Bill Huizenga (R-4)","2232 Rayburn House Office Building","Washington","DC",20515,"cbc99134-e253-4fa8-8d2a-ea2250283b4f",2025-02-27T02:27:48Z,2025-02-27T02:27:48Z,"d50ecbb2-6384-4cad-a7f8-ae0d593a971e"
,"California","John Garamendi (D-8)","2004 Rayburn House Office Building","Washington","DC",20515,"cbf043fb-12f0-47c0-a089-de0130204a28",2025-02-27T02:27:47Z,2025-02-27T02:27:47Z,"d50ecbb2-6384-4cad-a7f8-ae0d593a971e"
,"North Dakota","Kelly Armstrong (R-AL)","2235 Rayburn House Office Building","Washington","DC",20515,"cc392d40-555a-4766-a86f-fd779cba7435",2025-02-27T02:27:49Z,2025-02-27T02:27:49Z,"d50ecbb2-6384-4cad-a7f8-ae0d593a971e"
,"Washington","Dan Newhouse (R-4)","504 Cannon House Office Building","Washington","DC",20515,"ccbba7c0-215f-4972-a59c-8d9b145ab95d",2025-02-27T02:27:50Z,2025-02-27T02:27:50Z,"d50ecbb2-6384-4cad-a7f8-ae0d593a971e"
,"Wisconsin","Gwen Moore (D-4)","2252 Rayburn House Office Building","Washington","DC",20515,"cda0959d-f3be-4fdc-adbd-9fb4aea64d42",2025-02-27T02:27:50Z,2025-02-27T02:27:50Z,"d50ecbb2-6384-4cad-a7f8-ae0d593a971e"
,"Florida","John Rutherford (R-5)","1711 Longworth House Office Building","Washington","DC",20515,"cde7df51-8bae-46b2-ab45-62d866af497e",2025-02-27T02:27:47Z,2025-02-27T02:27:47Z,"d50ecbb2-6384-4cad-a7f8-ae0d593a971e"
,"Connecticut","John Larson (D-1)","1501 Longworth House Office Building","Washington","DC",20515,"ce48452b-90c4-4ad0-a1dc-f5508f47ccbf",2025-02-27T02:27:47Z,2025-02-27T02:27:47Z,"d50ecbb2-6384-4cad-a7f8-ae0d593a971e"
,"Virginia","Rob Wittman (R-1)","2055 Rayburn House Office Building","Washington","DC",20515,"cfa543e1-1455-4d59-bcd9-adb957c011ba",2025-02-27T02:27:50Z,2025-02-27T02:27:50Z,"d50ecbb2-6384-4cad-a7f8-ae0d593a971e"
,"Arizona","Juan Ciscomani (R-6)","1429 Longworth House Office Building","Washington","DC",20515,"d03324c0-a45d-4203-a746-571f6dd7ff03",2025-02-27T02:27:47Z,2025-02-27T02:27:47Z,"d50ecbb2-6384-4cad-a7f8-ae0d593a971e"
,"Tennessee","Tim Burchett (R-2)","2202 Rayburn House Office Building","Washington","DC",20515,"d1700cc6-b98f-43df-af92-d889362524f6",2025-02-27T02:27:49Z,2025-02-27T02:27:49Z,"d50ecbb2-6384-4cad-a7f8-ae0d593a971e"
,"Texas","Lizzie Fletcher (D-7)","2465 Rayburn House Office Building","Washington","DC",20515,"d1903298-3e58-4ef2-a748-c3e0cf2289e1",2025-02-27T02:27:49Z,2025-02-27T02:27:49Z,"d50ecbb2-6384-4cad-a7f8-ae0d593a971e"
,"Wisconsin","Scott Fitzgerald (R-5)","1507 Longworth House Office Building","Washington","DC",20515,"d21f3e0e-1067-4fdf-968b-d533ce50ae16",2025-02-27T02:27:50Z,2025-02-27T02:27:50Z,"d50ecbb2-6384-4cad-a7f8-ae0d593a971e"
,"Puerto Rico","Jenniffer González-Colón (R-AL)","2338 Rayburn House Office Building","Washington","DC",20515,"d23782fd-01a2-4fa0-97f8-3f98129474a2",2025-02-27T02:27:49Z,2025-02-27T02:27:49Z,"d50ecbb2-6384-4cad-a7f8-ae0d593a971e"
,"New York","Grace Meng (D-6)","2209 Rayburn House Office Building","Washington","DC",20515,"d2b12e26-e302-4a9e-a565-586c16de71e0",2025-02-27T02:27:49Z,2025-02-27T02:27:49Z,"d50ecbb2-6384-4cad-a7f8-ae0d593a971e"
,"New York","Jamaal Bowman (D-16)","1605 Longworth House Office Building","Washington","DC",20515,"d3cdc52f-b5cd-4d98-9966-ce4e288bf27b",2025-02-27T02:27:49Z,2025-02-27T02:27:49Z,"d50ecbb2-6384-4cad-a7f8-ae0d593a971e"
,"Colorado","Jason Crow (D-6)","1323 Longworth House Office Building","Washington","DC",20515,"d4690601-dcfd-40a0-8772-efa5f7b166d5",2025-02-27T02:27:47Z,2025-02-27T02:27:47Z,"d50ecbb2-6384-4cad-a7f8-ae0d593a971e"
,"California","Sara Jacobs (D-49)","1314 Longworth House Office Building","Washington","DC",20515,"d490fa69-a3b1-4438-bf06-17cf1e072de0",2025-02-27T02:27:47Z,2025-02-27T02:27:47Z,"d50ecbb2-6384-4cad-a7f8-ae0d593a971e"
,"Texas","Keith Self (R-3)","1110 Longworth House Office Building","Washington","DC",20515,"d49ac1cd-57c2-4346-8fbf-44b6980974f5",2025-02-27T02:27:49Z,2025-02-27T02:27:49Z,"d50ecbb2-6384-4cad-a7f8-ae0d593a971e"
,"California","Pete Aguilar (D-33)","108 Cannon House Office Building","Washington","DC",20515,"d5185bfb-f647-49b0-960f-51f1310b1b6e",2025-02-27T02:27:47Z,2025-02-27T02:27:47Z,"d50ecbb2-6384-4cad-a7f8-ae0d593a971e"
,"Texas","Michael Cloud (R-27)","1717 Longworth House Office Building","Washington","DC",20515,"d54f6ebf-0f95-4ff8-aacb-7aed6c15ddf9",2025-02-27T02:27:49Z,2025-02-27T02:27:49Z,"d50ecbb2-6384-4cad-a7f8-ae0d593a971e"
,"California","Doris Matsui (D-7)","2311 Rayburn House Office Building","Washington","DC",20515,"d5db911d-b340-4f7f-875f-23ab48ba204c",2025-02-27T02:27:47Z,2025-02-27T02:27:47Z,"d50ecbb2-6384-4cad-a7f8-ae0d593a971e"
,"Indiana","Jim Baird (R-4)","2303 Rayburn House Office Building","Washington","DC",20515,"d6bd5e9e-a476-4428-8a0c-1eaca288b9fe",2025-02-27T02:27:48Z,2025-02-27T02:27:48Z,"d50ecbb2-6384-4cad-a7f8-ae0d593a971e"
,"New Jersey","Bonnie Watson Coleman (D-12)","168 Cannon House Office Building","Washington","DC",20515,"d73fecfe-2739-4a52-8daf-1576c7ae46f0",2025-02-27T02:27:49Z,2025-02-27T02:27:49Z,"d50ecbb2-6384-4cad-a7f8-ae0d593a971e"
,"Pennsylvania","Madeleine Dean (D-4)","1410 Longworth House Office Building","Washington","DC",20515,"d7fce107-016c-46c4-b01e-64d08ccae992",2025-02-27T02:27:49Z,2025-02-27T02:27:49Z,"d50ecbb2-6384-4cad-a7f8-ae0d593a971e"
,"Ohio","Shontel Brown (D-11)","449 Cannon House Office Building","Washington","DC",20515,"d8837f62-9056-4615-9740-1631d158a1e6",2025-02-27T02:27:49Z,2025-02-27T02:27:49Z,"d50ecbb2-6384-4cad-a7f8-ae0d593a971e"
,"Illinois","Robin Kelly (D-2)","2416 Rayburn House Office Building","Washington","DC",20515,"d89a2d19-6448-4680-8dc3-1801e8d89f4b",2025-02-27T02:27:48Z,2025-02-27T02:27:48Z,"d50ecbb2-6384-4cad-a7f8-ae0d593a971e"
,"Idaho","Mike Simpson (R-2)","2084 Rayburn House Office Building","Washington","DC",20515,"d9397657-7b0f-4e2a-a304-a075d6cff0ee",2025-02-27T02:27:48Z,2025-02-27T02:27:48Z,"d50ecbb2-6384-4cad-a7f8-ae0d593a971e"
,"Maryland","Steny Hoyer (D-5)","1705 Longworth House Office Building","Washington","DC",20515,"da1b23e6-374f-4e07-87b4-2bdaf79ce305",2025-02-27T02:27:48Z,2025-02-27T02:27:48Z,"d50ecbb2-6384-4cad-a7f8-ae0d593a971e"
,"Ohio","Joyce Beatty (D-3)","2079 Rayburn House Office Building","Washington","DC",20515,"da46ea18-87cc-4d49-98e6-ec9e34415389",2025-02-27T02:27:49Z,2025-02-27T02:27:49Z,"d50ecbb2-6384-4cad-a7f8-ae0d593a971e"
,"Hawaii","Jill Tokuda (D-2)","1005 Longworth House Office Building","Washington","DC",20515,"dacf0a8f-a39d-4609-9ef0-caeec282522d",2025-02-27T02:27:48Z,2025-02-27T02:27:48Z,"d50ecbb2-6384-4cad-a7f8-ae0d593a971e"
,"Connecticut","Joe Courtney (D-2)","2449 Rayburn House Office Building","Washington","DC",20515,"dadeeb09-fc32-4e94-bae0-40ce2b37cb5b",2025-02-27T02:27:47Z,2025-02-27T02:27:47Z,"d50ecbb2-6384-4cad-a7f8-ae0d593a971e"
,"Connecticut","Rosa DeLauro (D-3)","2413 Rayburn House Office Building","Washington","DC",20515,"db2e1518-8fd0-4437-a464-4c378705543d",2025-02-27T02:27:47Z,2025-02-27T02:27:47Z,"d50ecbb2-6384-4cad-a7f8-ae0d593a971e"
,"Michigan","Jack Bergman (R-1)","566 Cannon House Office Building","Washington","DC",20515,"dbbc520e-b151-47b4-89e4-6ac4c7ebbdfb",2025-02-27T02:27:48Z,2025-02-27T02:27:48Z,"d50ecbb2-6384-4cad-a7f8-ae0d593a971e"
,"Illinois","Danny Davis (D-7)","2159 Rayburn House Office Building","Washington","DC",20515,"dcd1b210-d8aa-4b07-b14b-b0dbbb63743f",2025-02-27T02:27:48Z,2025-02-27T02:27:48Z,"d50ecbb2-6384-4cad-a7f8-ae0d593a971e"
,"New Jersey","Tom Malinowski (D-7)","2112 Rayburn House Office Building","Washington","DC",20515,"dd82b5b5-14c2-4ffd-a489-791a4b0c6095",2025-02-27T02:27:49Z,2025-02-27T02:27:49Z,"d50ecbb2-6384-4cad-a7f8-ae0d593a971e"
,"Missouri","Eric Burlison (R-7)","1108 Longworth House Office Building","Washington","DC",20515,"ded8bde2-8bd9-499c-a85d-dc003be76b3f",2025-02-27T02:27:48Z,2025-02-27T02:27:48Z,"d50ecbb2-6384-4cad-a7f8-ae0d593a971e"
,"Maryland","Andy Harris (R-1)","1536 Longworth House Office Building","Washington","DC",20515,"df51b8d8-52c9-4097-a8ce-07a5543f944f",2025-02-27T02:27:48Z,2025-02-27T02:27:48Z,"d50ecbb2-6384-4cad-a7f8-ae0d593a971e"
,"Minnesota","Brad Finstad (R-1)","1605 Longworth House Office Building","Washington","DC",20515,"df7413cc-cd4d-4f9f-85f6-1ddf720d4ee2",2025-02-27T02:27:48Z,2025-02-27T02:27:48Z,"d50ecbb2-6384-4cad-a7f8-ae0d593a971e"
,"Florida","Jared Moskowitz (D-23)","1108 Longworth House Office Building","Washington","DC",20515,"df97d015-651e-4274-b90c-b941355f7e35",2025-02-27T02:27:48Z,2025-02-27T02:27:48Z,"d50ecbb2-6384-4cad-a7f8-ae0d593a971e"
,"Texas","August Pfluger (R-11)","1531 Longworth House Office Building","Washington","DC",20515,"e14c2938-5f8f-4f0d-884e-74cc6c8d01e3",2025-02-27T02:27:49Z,2025-02-27T02:27:49Z,"d50ecbb2-6384-4cad-a7f8-ae0d593a971e"
,"Tennessee","John Rose (R-6)","223 Cannon House Office Building","Washington","DC",20515,"e1c75a04-bcf6-4c5d-9fe9-f97556adb860",2025-02-27T02:27:49Z,2025-02-27T02:27:49Z,"d50ecbb2-6384-4cad-a7f8-ae0d593a971e"
,"New York","Pat Ryan (D-18)","1117 Longworth House Office Building","Washington","DC",20515,"e24fb075-93b2-44c8-9651-25ae7d5043c4",2025-02-27T02:27:49Z,2025-02-27T02:27:49Z,"d50ecbb2-6384-4cad-a7f8-ae0d593a971e"
,"North Carolina","Jeff Jackson (D-14)","1405 Longworth House Office Building","Washington","DC",20515,"e351311b-51ee-4b2d-8996-3a8a2f5cd7f4",2025-02-27T02:27:49Z,2025-02-27T02:27:49Z,"d50ecbb2-6384-4cad-a7f8-ae0d593a971e"
,"Guam","James Moylan (R-AL)","1628 Longworth House Office Building","Washington","DC",20515,"e3bc1e7a-927f-497f-9ad1-541cf356d3ab",2025-02-27T02:27:48Z,2025-02-27T02:27:48Z,"d50ecbb2-6384-4cad-a7f8-ae0d593a971e"
,"Massachusetts","Bill Keating (D-9)","2351 Rayburn House Office Building","Washington","DC",20515,"e3c91869-89c0-4852-9d76-46f965808656",2025-02-27T02:27:48Z,2025-02-27T02:27:48Z,"d50ecbb2-6384-4cad-a7f8-ae0d593a971e"
,"Pennsylvania","Susan Wild (D-7)","1027 Longworth House Office Building","Washington","DC",20515,"e3f232a4-4dfc-47f5-b0a4-588ff9b8cb59",2025-02-27T02:27:49Z,2025-02-27T02:27:49Z,"d50ecbb2-6384-4cad-a7f8-ae0d593a971e"
,"New Jersey","Mikie Sherrill (D-11)","1414 Longworth House Office Building","Washington","DC",20515,"e403dbf7-871b-4476-b105-c64adc497094",2025-02-27T02:27:49Z,2025-02-27T02:27:49Z,"d50ecbb2-6384-4cad-a7f8-ae0d593a971e"
,"California","David Valadao (R-22)","2465 Rayburn House Office Building","Washington","DC",20515,"e5454131-1228-4755-b265-dfb9743c40eb",2025-02-27T02:27:47Z,2025-02-27T02:27:47Z,"d50ecbb2-6384-4cad-a7f8-ae0d593a971e"
,"Oregon","Val Hoyle (D-4)","1620 Longworth House Office Building","Washington","DC",20515,"e59f4350-f1db-4a9c-a1d0-108c4f943cbe",2025-02-27T02:27:49Z,2025-02-27T02:27:49Z,"d50ecbb2-6384-4cad-a7f8-ae0d593a971e"
,"California","Juan Vargas (D-51)","2244 Rayburn House Office Building","Washington","DC",20515,"e5cf4ba4-c469-4e7b-bb5a-b0d29dbb3259",2025-02-27T02:27:47Z,2025-02-27T02:27:47Z,"d50ecbb2-6384-4cad-a7f8-ae0d593a971e"
,"Florida","Matt Gaetz (R-1) [Resigned]","2021 Rayburn House Office Building","Washington","DC",20515,"e6086f94-182d-49c4-9647-c493f35610a6",2025-02-27T02:27:47Z,2025-02-27T02:27:47Z,"d50ecbb2-6384-4cad-a7f8-ae0d593a971e"
,"Ohio","Mike Turner (R-10)","2183 Rayburn House Office Building","Washington","DC",20515,"e67d4a9f-cc80-4896-a957-45c2a9dd22bf",2025-02-27T02:27:49Z,2025-02-27T02:27:49Z,"d50ecbb2-6384-4cad-a7f8-ae0d593a971e"
,"Maryland","David Trone (D-6)","2433 Rayburn House Office Building","Washington","DC",20515,"e707d4dd-02ee-403b-ab4f-643d32f2edf9",2025-02-27T02:27:48Z,2025-02-27T02:27:48Z,"d50ecbb2-6384-4cad-a7f8-ae0d593a971e"
,"South Carolina","Nancy Mace (R-1)","1728 Longworth House Office Building","Washington","DC",20515,"e72debab-88d1-4ba1-bc6c-395222c34efd",2025-02-27T02:27:49Z,2025-02-27T02:27:49Z,"d50ecbb2-6384-4cad-a7f8-ae0d593a971e"
,"California","Darrell Issa (R-48)","2108 Rayburn House Office Building","Washington","DC",20515,"e8a23f7b-6e12-498e-83a4-8c2fa584e7f4",2025-02-27T02:27:47Z,2025-02-27T02:27:47Z,"d50ecbb2-6384-4cad-a7f8-ae0d593a971e"
,"New York","Mike Lawler (R-17)","1629 Longworth House Office Building","Washington","DC",20515,"ea7db2d9-abb2-4d8d-a9f3-668bb3ea0eca",2025-02-27T02:27:49Z,2025-02-27T02:27:49Z,"d50ecbb2-6384-4cad-a7f8-ae0d593a971e"
,"Indiana","André Carson (D-7)","2135 Rayburn House Office Building","Washington","DC",20515,"ea9219c3-1f1e-4abc-bbe1-5a8b693e1bdc",2025-02-27T02:27:48Z,2025-02-27T02:27:48Z,"d50ecbb2-6384-4cad-a7f8-ae0d593a971e"
,"Texas","Michael McCaul (R-10)","2300 Rayburn House Office Building","Washington","DC",20515,"ead9f4bd-735e-4685-9fc9-20f9df56545e",2025-02-27T02:27:49Z,2025-02-27T02:27:49Z,"d50ecbb2-6384-4cad-a7f8-ae0d593a971e"
,"Ohio","Bill Johnson (R-6)","2082 Rayburn House Office Building","Washington","DC",20515,"ec3e2a93-7f56-4309-931c-3bc7022478a4",2025-02-27T02:27:49Z,2025-02-27T02:27:49Z,"d50ecbb2-6384-4cad-a7f8-ae0d593a971e"
,"Oklahoma","Stephanie Bice (R-5)","1223 Longworth House Office Building","Washington","DC",20515,"ed3d1e0e-4546-4628-b38e-b8f08af04fa8",2025-02-27T02:27:49Z,2025-02-27T02:27:49Z,"d50ecbb2-6384-4cad-a7f8-ae0d593a971e"
,"Texas","Colin Allred (D-32)","114 Cannon House Office Building","Washington","DC",20515,"ed4540e0-11a4-42db-887f-87af69c3d4f7",2025-02-27T02:27:49Z,2025-02-27T02:27:49Z,"d50ecbb2-6384-4cad-a7f8-ae0d593a971e"
,"California","Barbara Lee (D-12)","2470 Rayburn House Office Building","Washington","DC",20515,"ed5502f7-885d-4807-9585-9880f7b9ccf5",2025-02-27T02:27:47Z,2025-02-27T02:27:47Z,"d50ecbb2-6384-4cad-a7f8-ae0d593a971e"
,"California","Mark Takano (D-39)","2078 Rayburn House Office Building","Washington","DC",20515,"ed6d34ee-cc53-429a-bd9a-1b714038f844",2025-02-27T02:27:47Z,2025-02-27T02:27:47Z,"d50ecbb2-6384-4cad-a7f8-ae0d593a971e"
,"California","Eric Swalwell (D-14)","1713 Longworth House Office Building","Washington","DC",20515,"ed8c4cb4-377b-4479-8fe1-66e68cebdde2",2025-02-27T02:27:47Z,2025-02-27T02:27:47Z,"d50ecbb2-6384-4cad-a7f8-ae0d593a971e"
,"Kansas","Tracey Mann (R-1)","446 Cannon House Office Building","Washington","DC",20515,"ed96b0aa-1748-4b7c-afc4-9d349dbf4416",2025-02-27T02:27:48Z,2025-02-27T02:27:48Z,"d50ecbb2-6384-4cad-a7f8-ae0d593a971e"
,"Minnesota","Betty McCollum (D-4)","2426 Rayburn House Office Building","Washington","DC",20515,"ed998a8d-4433-41d5-8ca7-d6108e1cb051",2025-02-27T02:27:48Z,2025-02-27T02:27:48Z,"d50ecbb2-6384-4cad-a7f8-ae0d593a971e"
,"Minnesota","Ilhan Omar (D-5)","1517 Longworth House Office Building","Washington","DC",20515,"eea28188-e078-4d8d-a06f-df08c4f8d458",2025-02-27T02:27:48Z,2025-02-27T02:27:48Z,"d50ecbb2-6384-4cad-a7f8-ae0d593a971e"
,"Virginia","Morgan Griffith (R-9)","2202 Rayburn House Office Building","Washington","DC",20515,"eebbef9f-c3b7-469d-8a01-f98694e7a6c6",2025-02-27T02:27:50Z,2025-02-27T02:27:50Z,"d50ecbb2-6384-4cad-a7f8-ae0d593a971e"
,"Pennsylvania","Dan Meuser (R-9)","320 Cannon House Office Building","Washington","DC",20515,"eedeb376-4561-4f0e-85fa-b19be0520fa3",2025-02-27T02:27:49Z,2025-02-27T02:27:49Z,"d50ecbb2-6384-4cad-a7f8-ae0d593a971e"
,"Kentucky","Morgan McGarvey (D-3)","1510 Longworth House Office Building","Washington","DC",20515,"f0009f99-5f13-45c7-b245-043cba4cb178",2025-02-27T02:27:48Z,2025-02-27T02:27:48Z,"d50ecbb2-6384-4cad-a7f8-ae0d593a971e"
,"Virginia","Bobby Scott (D-3)","2328 Rayburn House Office Building","Washington","DC",20515,"f164ae76-2b83-4355-a2ad-6e1ff1d57d47",2025-02-27T02:27:50Z,2025-02-27T02:27:50Z,"d50ecbb2-6384-4cad-a7f8-ae0d593a971e"
,"Nebraska","Don Bacon (R-2)","2104 Rayburn House Office Building","Washington","DC",20515,"f1e55e8d-8339-40b3-9538-9a5548c8b268",2025-02-27T02:27:48Z,2025-02-27T02:27:48Z,"d50ecbb2-6384-4cad-a7f8-ae0d593a971e"
,"South Dakota","Dusty Johnson (R-AL)","1714 Longworth House Office Building","Washington","DC",20515,"f1fabbf7-3fe9-4e9e-b121-f4bdcbf940a7",2025-02-27T02:27:49Z,2025-02-27T02:27:49Z,"d50ecbb2-6384-4cad-a7f8-ae0d593a971e"
,"Wyoming","Harriet Hageman (R-AL)","1533 Longworth House Office Building","Washington","DC",20515,"f26e14d4-08d7-4408-8d95-03072334ea15",2025-02-27T02:27:50Z,2025-02-27T02:27:50Z,"d50ecbb2-6384-4cad-a7f8-ae0d593a971e"
,"Arizona","Paul Gosar (R-9)","2057 Rayburn House Office Building","Washington","DC",20515,"f373ce18-9b1d-46e9-98c8-ef59d553a39c",2025-02-27T02:27:47Z,2025-02-27T02:27:47Z,"d50ecbb2-6384-4cad-a7f8-ae0d593a971e"
,"South Carolina","Ralph Norman (R-5)","408 Cannon House Office Building","Washington","DC",20515,"f4e2c345-9198-46bc-9c57-f18c36bcef83",2025-02-27T02:27:49Z,2025-02-27T02:27:49Z,"d50ecbb2-6384-4cad-a7f8-ae0d593a971e"
,"Wisconsin","Derrick Van Orden (R-3)","1513 Longworth House Office Building","Washington","DC",20515,"f4eda7a2-2e9e-498b-8ec0-83b67d57d1b3",2025-02-27T02:27:50Z,2025-02-27T02:27:50Z,"d50ecbb2-6384-4cad-a7f8-ae0d593a971e"
,"Alabama","Jerry Carl (R-1)","1330 Longworth House Office Building","Washington","DC",20515,"f502e709-a8fe-4368-bff7-55056bf668fc",2025-02-27T02:27:47Z,2025-02-27T02:27:47Z,"d50ecbb2-6384-4cad-a7f8-ae0d593a971e"
,"New York","Nick LaLota (R-1)","1530 Longworth House Office Building","Washington","DC",20515,"f5805a1a-4321-409b-b7d9-35fe85238044",2025-02-27T02:27:49Z,2025-02-27T02:27:49Z,"d50ecbb2-6384-4cad-a7f8-ae0d593a971e"
,"Georgia","Sanford Bishop (D-2)","2407 Rayburn House Office Building","Washington","DC",20515,"f692c70a-e09d-47b8-bf5c-ddeedc85e212",2025-02-27T02:27:48Z,2025-02-27T02:27:48Z,"d50ecbb2-6384-4cad-a7f8-ae0d593a971e"
,"New Jersey","Jeff Van Drew (R-2)","143 Cannon House Office Building","Washington","DC",20515,"f816e8bb-11f9-4699-8abc-5868017b2652",2025-02-27T02:27:48Z,2025-02-27T02:27:48Z,"d50ecbb2-6384-4cad-a7f8-ae0d593a971e"
,"Mississippi","Michael Guest (R-3)","450 Cannon House Office Building","Washington","DC",20515,"f84c95bb-848f-4b1c-a84c-a088e38fb51b",2025-02-27T02:27:48Z,2025-02-27T02:27:48Z,"d50ecbb2-6384-4cad-a7f8-ae0d593a971e"
,"Illinois","Jan Schakowsky (D-9)","2408 Rayburn House Office Building","Washington","DC",20515,"f89324fb-50aa-447e-b6dc-67e4b5df2291",2025-02-27T02:27:48Z,2025-02-27T02:27:48Z,"d50ecbb2-6384-4cad-a7f8-ae0d593a971e"
,"Florida","Bill Posey (R-8)","2150 Rayburn House Office Building","Washington","DC",20515,"f9102342-502d-452b-9bd7-16c12293d326",2025-02-27T02:27:47Z,2025-02-27T02:27:47Z,"d50ecbb2-6384-4cad-a7f8-ae0d593a971e"
,"Texas","Morgan Luttrell (R-8)","1329 Longworth House Office Building","Washington","DC",20515,"f9934488-87c5-4907-a5a9-ac06b37308f4",2025-02-27T02:27:49Z,2025-02-27T02:27:49Z,"d50ecbb2-6384-4cad-a7f8-ae0d593a971e"
,"California","Jim Costa (D-21)","2081 Rayburn House Office Building","Washington","DC",20515,"f9d19689-1299-4426-b8d3-700e6697d981",2025-02-27T02:27:47Z,2025-02-27T02:27:47Z,"d50ecbb2-6384-4cad-a7f8-ae0d593a971e"
,"Oklahoma","Tom Cole (R-4)","2207 Rayburn House Office Building","Washington","DC",20515,"faac2824-fbcb-4a1d-baa4-4b1b959d0603",2025-02-27T02:27:49Z,2025-02-27T02:27:49Z,"d50ecbb2-6384-4cad-a7f8-ae0d593a971e"
,"Oregon","Lori Chavez-DeRemer (R-5)","1722 Longworth House Office Building","Washington","DC",20515,"fab3427c-9642-4fb0-8981-844b7fa59e92",2025-02-27T02:27:49Z,2025-02-27T02:27:49Z,"d50ecbb2-6384-4cad-a7f8-ae0d593a971e"
,"Indiana","Victoria Spartz (R-5)","1523 Longworth House Office Building","Washington","DC",20515,"fb0f70d8-2f1c-4e9c-92e1-7c65672c2a82",2025-02-27T02:27:48Z,2025-02-27T02:27:48Z,"d50ecbb2-6384-4cad-a7f8-ae0d593a971e"
,"Utah","Celeste Maloy (R-2)","167 Cannon House Office Building","Washington","DC",20515,"fe0b6b0d-be34-40dd-9e74-1e2184f4ed82",2025-02-27T02:27:50Z,2025-02-27T02:27:50Z,"d50ecbb2-6384-4cad-a7f8-ae0d593a971e"
,"Ohio","Troy Balderson (R-12)","2429 Rayburn House Office Building","Washington","DC",20515,"ff795cad-1ce2-4e0b-9b85-3b07582251f3",2025-02-27T02:27:49Z,2025-02-27T02:27:49Z,"d50ecbb2-6384-4cad-a7f8-ae0d593a971e"
,"Massachusetts","Stephen Lynch (D-8)","2109 Rayburn House Office Building","Washington","DC",20515,"ffce0776-4b5f-427a-bb67-9e46a246b19a",2025-02-27T02:27:48Z,2025-02-27T02:27:48Z,"d50ecbb2-6384-4cad-a7f8-ae0d593a971e"
