"Title","ID","Created Date","Updated Date","Owner","State","Name of Representative","Address","Party"
,"0001df6d-cf41-4542-9826-8462ea318f8a",2024-07-25T03:54:44Z,2024-07-25T07:17:06Z,"de2c62ae-b8b2-4d0b-9c31-0bc55b21c05a","1st Alabama","Jerry Carl","1330 Longworth House Office Building, Washington, DC 20515","R"
,"004615e8-9a4a-41fb-a630-d8228b7fc226",2024-07-25T03:54:19Z,2024-07-25T08:49:03Z,"de2c62ae-b8b2-4d0b-9c31-0bc55b21c05a","9th Texas","Al Green","2347 Rayburn House Office Building, Washington, DC 20515","D"
,"0236ddae-56ea-45a2-9b08-2a3d5fca8d80",2024-07-25T03:54:18Z,2024-07-25T09:03:42Z,"de2c62ae-b8b2-4d0b-9c31-0bc55b21c05a","5th Oklahoma","Stephanie Bice","2437 Rayburn House Office Building, Washington, DC 20515","R"
,"02d51414-a471-4370-aac9-c87793803422",2024-07-25T03:54:18Z,2024-07-25T09:03:05Z,"de2c62ae-b8b2-4d0b-9c31-0bc55b21c05a","1st Oklahoma","Kevin Hern","1019 Longworth House Office Building, Washington, DC 20515","R"
,"0350278b-6d7a-40a7-ae63-ed316cc8a1d0",2024-07-25T03:54:18Z,2024-07-25T09:07:22Z,"de2c62ae-b8b2-4d0b-9c31-0bc55b21c05a","17th Pennsylvania","Christopher Deluzio","1222 Longworth House Office Building Washington, DC 20515","D"
,"040caa99-53be-4502-ae20-b3e0cec8c9dd",2024-07-25T03:54:18Z,2024-07-25T10:36:34Z,"de2c62ae-b8b2-4d0b-9c31-0bc55b21c05a","17th New York","Michael Lawler","1013 Longworth House Office Building, Washington, DC 20515","R"
,"04123c37-b933-4d51-8619-10c675d9e69b",2024-07-25T03:54:19Z,2024-07-25T07:17:06Z,"de2c62ae-b8b2-4d0b-9c31-0bc55b21c05a","2nd Wisconsin","Mark Pocan","1026 Longworth House Office Building, Washington, DC 20515","D"
,"05298682-b988-43ee-8669-cd394b3ce68c",2024-07-25T03:54:16Z,2024-07-25T10:47:43Z,"de2c62ae-b8b2-4d0b-9c31-0bc55b21c05a","4th Connecticut","Jim Himes","2137 Rayburn House Office Building, Washington, DC 20515","D"
,"0551373b-18ec-4953-87e5-86a6c0910863",2024-07-25T03:54:15Z,2024-07-25T09:22:57Z,"de2c62ae-b8b2-4d0b-9c31-0bc55b21c05a","14th California","Eric Swalwell","174 Cannon House Office Building, Washington, DC 20515","D"
,"05bccf12-1de8-4669-a00c-419523958335",2024-07-25T03:54:18Z,2024-07-25T10:36:47Z,"de2c62ae-b8b2-4d0b-9c31-0bc55b21c05a","19th New York","Marcus Molinaro","1207 Longworth House Office Building, Washington, DC 20515","R"
,"0643aa87-5228-493c-9251-119931842a3f",2024-07-25T03:54:16Z,2024-07-25T10:34:24Z,"de2c62ae-b8b2-4d0b-9c31-0bc55b21c05a","8th Florida","Bill Posey","2150 Rayburn House Office Building, Washington, DC 20515","R"
,"065757d8-dd26-4d6a-b5a0-1b8639ee3b26",2024-07-25T03:54:15Z,2024-07-25T10:33:58Z,"de2c62ae-b8b2-4d0b-9c31-0bc55b21c05a","2nd Alabama","Barry Moore","1504 Longworth House Office Building, Washington, DC 20515","R"
,"0670ee89-4d6a-4f1e-8218-737d2964eae6",2024-07-25T03:54:16Z,2024-07-25T10:43:21Z,"de2c62ae-b8b2-4d0b-9c31-0bc55b21c05a","15th Florida","Laurel Lee","1118 Longworth House Office Building, Washington, DC 20515","R"
,"06ca725e-6b12-4a21-8340-221c0a784124",2024-07-25T03:54:19Z,2024-07-25T07:17:06Z,"de2c62ae-b8b2-4d0b-9c31-0bc55b21c05a","U.S. Virgin Islands","Stacey Plaskett","2059 Rayburn House Office Building, Washington, DC 20515","D"
,"073aece8-df58-4ff7-abe0-9f42f4d7a1a3",2024-07-25T03:54:18Z,2024-07-25T10:38:02Z,"de2c62ae-b8b2-4d0b-9c31-0bc55b21c05a","12th North Carolina","Alma Adams","2436 Rayburn House Office Building, Washington, DC 20515","D"
,"09a3bd66-0b5d-401d-84a7-def2564a231b",2024-07-25T03:54:19Z,2024-07-25T08:48:56Z,"de2c62ae-b8b2-4d0b-9c31-0bc55b21c05a","8th Texas","Morgan Luttrell","1320 Longworth office building, Washington, DC 20515","R"
,"0a25a586-f6d2-4f94-8283-9c85641f0ea1",2024-07-25T03:54:15Z,2024-07-25T09:23:14Z,"de2c62ae-b8b2-4d0b-9c31-0bc55b21c05a","11th California","Nancy Pelosi","1236 Longworth House Office Building, Washington, DC 20515","D"
,"0aa8a0bd-40f5-47b0-923e-4ad708618bd3",2024-07-25T03:54:19Z,2024-07-25T08:50:46Z,"de2c62ae-b8b2-4d0b-9c31-0bc55b21c05a","22nd Texas","Troy Nehls","1104 Longworth House Office Building, Washington, DC 20515","R"
,"0ad66f92-ecb3-4d92-9ce1-d12dd30df7d3",2024-07-25T03:54:16Z,2024-07-25T10:41:20Z,"de2c62ae-b8b2-4d0b-9c31-0bc55b21c05a","1st Iowa","Mariannette Miller-Meeks","1034 Longworth House Office Building, Washington, DC 20515","R"
,"0b13ab85-6e14-4767-ab42-2dce0348d369",2024-07-25T03:54:16Z,2024-07-25T10:47:26Z,"de2c62ae-b8b2-4d0b-9c31-0bc55b21c05a","6th Colorado","Jason Crow","1323 Longworth House Office Building,Washington, DC 20515","D"
,"0bf3228f-0203-4007-95ad-e00eb54d0b02",2024-07-25T03:54:17Z,2024-07-25T10:39:27Z,"de2c62ae-b8b2-4d0b-9c31-0bc55b21c05a","4th Mississippi","Mike Ezell","443 Cannon House Office Building, Washington, DC 20515","R"
,"0c9f384c-a693-43cd-a2ba-8e1c2aa09131",2024-07-25T03:54:18Z,2024-07-25T09:03:13Z,"de2c62ae-b8b2-4d0b-9c31-0bc55b21c05a","2nd Oklahoma","Josh Brecheen","1208 Longworth House Office Building, Washington, DC 20515","R"
,"0d701274-db58-41ad-bf8c-a15880ee5ee5",2024-07-25T03:54:15Z,2024-07-25T09:22:20Z,"de2c62ae-b8b2-4d0b-9c31-0bc55b21c05a","22nd California","David Valadao","2465 Rayburn House Office Building, Washington, DC 20515","R"
,"0dbed073-6f91-4aa9-9c88-da2dd2f94b69",2024-07-25T03:54:15Z,2024-07-25T09:22:28Z,"de2c62ae-b8b2-4d0b-9c31-0bc55b21c05a","20th California","Vince Fong","2468 Rayburn House Office Building, Washington, DC 20515","R"
,"0e3cae18-1c02-4181-84d9-2890a3bf8502",2024-07-25T03:54:17Z,2024-07-25T10:40:11Z,"de2c62ae-b8b2-4d0b-9c31-0bc55b21c05a","2nd Nevada","Mark Amodei","104 Cannon House Office Building, Washington, DC 20515","R"
,"0e7c0cd4-10b8-4110-b560-6a88d3e8b6c2",2024-07-25T03:54:16Z,2024-07-25T10:40:50Z,"de2c62ae-b8b2-4d0b-9c31-0bc55b21c05a","17th Illinois","Eric Sorenson","1205 Longworth House Office Building, Washington, DC 20515","D"
,"0f19b857-ffad-4374-9c63-9bcb6a2f7c8e",2024-07-25T03:54:16Z,2024-07-25T10:43:13Z,"de2c62ae-b8b2-4d0b-9c31-0bc55b21c05a","9th Massachusetts","William Keating","2351 Rayburn House Office Building., Washington, DC 20515","D"
,"0f5dde33-a073-4db6-abf1-9c2f63a48213",2024-07-25T03:54:16Z,2024-07-25T10:44:39Z,"de2c62ae-b8b2-4d0b-9c31-0bc55b21c05a","12th Georgia"," Rick Allen","462 Cannon House Office Building, Washington, DC 20515","R"
,"0fbfa3a7-9d16-4ae9-be45-97b850a250e7",2024-07-25T03:54:17Z,2024-07-25T10:39:23Z,"de2c62ae-b8b2-4d0b-9c31-0bc55b21c05a","2nd Mississippi","Bennie Thompson","2466 Rayburn House Office Building, Washington, DC 20515","D"
,"0fdb8c40-eb5d-4e4b-b054-07f2ed84c593",2024-07-25T03:54:16Z,2024-07-25T10:41:33Z,"de2c62ae-b8b2-4d0b-9c31-0bc55b21c05a","1st Kansas","Tracey Mann","344 Cannon House Office Building, Washington, DC 20515","R"
,"10e6c055-c425-4542-91c1-6868ae6cbcc6",2024-07-25T03:54:16Z,2025-03-04T21:20:58Z,"de2c62ae-b8b2-4d0b-9c31-0bc55b21c05a","30th California"," Laura Friedman","1517 Longworth House Office Building, Washington, DC 20515","D"
,"10f29d9c-9d7a-46fd-a260-5f80060769f6",2024-07-25T03:54:16Z,2024-07-25T10:46:22Z,"de2c62ae-b8b2-4d0b-9c31-0bc55b21c05a","38th California","Linda Sánchez","2428 Rayburn House Office Building, Washington, DC 20515","D"
,"113c70b9-91da-492d-9294-696b3bec9a35",2024-07-25T03:54:15Z,2024-07-25T09:23:06Z,"de2c62ae-b8b2-4d0b-9c31-0bc55b21c05a","13th California","John Duarte","1535 Longworth House Office Building, Washington, DC 20515","R"
,"11c259d7-e65d-48ac-9291-1360c6aaba4b",2024-07-25T03:54:16Z,2024-07-25T10:45:21Z,"de2c62ae-b8b2-4d0b-9c31-0bc55b21c05a","6th Illinois","Sean Casten","2440 Rayburn House Office Building, Washington, DC 20515","D"
,"12166134-c422-4bc8-b0cd-df8616afcba4",2024-07-25T03:54:15Z,2024-07-25T09:47:48Z,"de2c62ae-b8b2-4d0b-9c31-0bc55b21c05a","5th California","Tom McClintock","2256 Rayburn House Office Building, Washington, DC 20515","R"
,"13031b60-788a-49da-9da4-5c0d2da3d812",2024-07-25T03:54:17Z,2024-07-25T10:38:17Z,"de2c62ae-b8b2-4d0b-9c31-0bc55b21c05a","1st Michigan","Jack Bergman","566 Cannon House Office Building, Washington, DC 20515","R"
,"13129c25-f50c-4403-aaaa-7f26596c44fb",2024-07-25T03:54:18Z,2024-07-25T09:10:15Z,"de2c62ae-b8b2-4d0b-9c31-0bc55b21c05a","7th New York","Nydia Velázquez","2302 Rayburn House Office Building, Washington, DC 20515","D"
,"1388f3d0-549a-497b-bc5d-45ce020e6217",2024-07-25T03:54:19Z,2024-07-25T07:17:06Z,"de2c62ae-b8b2-4d0b-9c31-0bc55b21c05a","4th Utah","Burgess Owens","309 Cannon House Office Building, Washington, DC 20515","R"
,"142aa36c-c793-44dc-a72d-1acd130739ba",2024-07-25T03:54:19Z,2024-07-25T08:49:12Z,"de2c62ae-b8b2-4d0b-9c31-0bc55b21c05a","10th Texas","Michael McCaul","2300 Rayburn House Office Building, Washington, DC 20515","R"
,"1430145b-bed6-4807-a4c5-70229d737248",2024-07-25T03:54:19Z,2024-07-25T08:49:47Z,"de2c62ae-b8b2-4d0b-9c31-0bc55b21c05a","15th Texas","Monica De La Cruz","1415 Longworth House Office Building, Washington, DC 20515","R"
,"145d5222-5958-4e44-9c2e-b75f3c379409",2024-07-25T03:54:19Z,2024-07-25T07:17:06Z,"de2c62ae-b8b2-4d0b-9c31-0bc55b21c05a","3rd Virginia","Bobby Scott","2328 Rayburn House Office Building, Washington, DC 20515","D"
,"157ffa79-eb56-4d37-989e-996eb0690341",2024-07-25T03:54:19Z,2024-07-25T08:47:37Z,"de2c62ae-b8b2-4d0b-9c31-0bc55b21c05a","7th Tennessee","Mark Green","2446 Rayburn House Office Building, Washington, DC 20515","R"
,"170e47c7-aa8a-499b-bddd-8154ab8be44d",2024-07-25T03:54:17Z,2024-07-25T10:39:25Z,"de2c62ae-b8b2-4d0b-9c31-0bc55b21c05a","3rd Mississippi","Michael Guest","450Cannon House Office Building, Washington, DC 20515","R"
,"18d2d131-2503-4f22-a4a4-3250cc92d009",2024-07-25T03:54:18Z,2024-07-25T09:07:00Z,"de2c62ae-b8b2-4d0b-9c31-0bc55b21c05a","14th Pennsylvania","Guy Reschenthaler","430 Cannon House Office Building, Washington, DC 20515","R"
,"199e9d94-bc55-4ff5-8b2e-8b33bb3cca1f",2024-07-25T03:54:16Z,2024-07-25T10:34:07Z,"de2c62ae-b8b2-4d0b-9c31-0bc55b21c05a","10th Florida","Maxwell Frost","1224 Longworth House Office Building, Washington, DC 20515","D"
,"1a9cd6f1-1277-44d2-9818-817f816ec3f5",2024-07-25T03:54:15Z,2024-07-25T09:47:56Z,"de2c62ae-b8b2-4d0b-9c31-0bc55b21c05a","4th California","Mike ThompsonD","268Cannon House Office Building, Washington, DC 20515","D"
,"1c2494bc-6301-4eb6-9348-010194d3d320",2024-07-25T03:54:19Z,2024-07-25T08:51:54Z,"de2c62ae-b8b2-4d0b-9c31-0bc55b21c05a","30th Texas","Jasmine Crockett","1616 Longworth House Office Building, Washington, DC 20515","D"
,"1c537802-f810-40dd-a0ee-8df21925c641",2024-07-25T03:54:16Z,2024-07-25T10:47:09Z,"de2c62ae-b8b2-4d0b-9c31-0bc55b21c05a","52nd California","Juan Vargas","2334 Rayburn House Office Building, Washington, DC 20515","D"
,"1c811751-0630-44ea-b49a-c98671551ebc",2024-07-25T03:54:16Z,2024-07-25T10:46:14Z,"de2c62ae-b8b2-4d0b-9c31-0bc55b21c05a","35th California","Norma Torres","2227 rayburn Hoiuse Office Building, Washington, DC 20515","D"
,"1cb1889e-4958-4148-a0f9-c48cc5bd9ae9",2024-07-25T03:54:18Z,2024-07-25T10:36:59Z,"de2c62ae-b8b2-4d0b-9c31-0bc55b21c05a","22nd New York","Brandon Williams","1022 Longworth House Office Building, Washington, DC 20515","R"
,"1cdc7549-9d58-4754-ab30-23d2bafad27c",2024-07-25T03:54:19Z,2024-07-25T07:17:06Z,"de2c62ae-b8b2-4d0b-9c31-0bc55b21c05a","3rd Wisconsin","Derrick Van Orden","1513 Longworth House Office Building, Washington, DC 20515","R"
,"1d61a64f-12d0-4ad0-92ee-9bcce9de0c03",2024-07-25T03:54:16Z,2024-07-25T10:40:52Z,"de2c62ae-b8b2-4d0b-9c31-0bc55b21c05a","1st Indiana","Frank Mrvan","1607 Longworth House Office Building, Washington, DC 20515","D"
,"1ed5e884-0249-4078-9d7a-29a15e8fa29a",2024-07-25T03:54:19Z,2024-07-25T08:59:36Z,"de2c62ae-b8b2-4d0b-9c31-0bc55b21c05a","33rd Texas","Marc Veasey","2348 Rayburn House Office Building, Washington, DC 20515","D"
,"1fb62d20-3a8e-4236-8bf9-7a8cc4c92244",2024-07-25T03:54:15Z,2024-07-25T09:22:04Z,"de2c62ae-b8b2-4d0b-9c31-0bc55b21c05a","25th California","Raul Ruiz","2342 Rayburn House Office Building, Washington, DC 20515","D"
,"1ffb2f9b-cf83-42c6-a89f-3d43649d4c80",2024-07-25T03:54:16Z,2024-07-25T10:42:11Z,"de2c62ae-b8b2-4d0b-9c31-0bc55b21c05a","4th Louisiana","Mike Johnson","568Cannon House Office Building, Washington, DC 20515","R"
,"21f2853e-010e-4603-82a8-e5b93b3e206e",2024-07-25T03:54:15Z,2024-07-25T09:23:10Z,"de2c62ae-b8b2-4d0b-9c31-0bc55b21c05a","12th California","Barbara Lee","2470 Rayburn House Office Building, Washington, DC 20515","D"
,"222137cb-ebb3-4141-8003-b49121ecabd5",2024-07-25T03:54:16Z,2024-07-25T10:44:07Z,"de2c62ae-b8b2-4d0b-9c31-0bc55b21c05a","2nd Georgia","Sanford Bishop","2407 Rayburn House Office Building, Washington, DC 20515","D"
,"227cfa71-bd94-45b2-bd3f-53de10904444",2024-07-25T03:54:17Z,2024-07-25T10:40:22Z,"de2c62ae-b8b2-4d0b-9c31-0bc55b21c05a","1st New Hampshire","Chris Pappas","452 Cannon House Office Building, Washington, DC 20515","D"
,"23280288-9b13-4d9b-8de9-6baf2efdb153",2024-07-25T03:54:16Z,2024-07-25T10:42:40Z,"de2c62ae-b8b2-4d0b-9c31-0bc55b21c05a","6th Maryland","David Trone","2404 Rayburn House Office Building, Washington, DC 20515","D"
,"250f4ad3-ca46-4bfa-a251-7d8670bb4be7",2024-07-25T03:54:19Z,2024-07-25T08:51:27Z,"de2c62ae-b8b2-4d0b-9c31-0bc55b21c05a","27th Texas","Micheal Cloud","2161 Rayburn House Office Building, Washington, DC 20515","R"
,"252cd9c0-7e61-4dde-8f37-28b2ebbf424d",2024-07-25T03:54:15Z,2024-07-25T09:48:13Z,"de2c62ae-b8b2-4d0b-9c31-0bc55b21c05a","1st California","Doug LaMalfa","408 Cannon House Ofiice Building, Washington, DC 20515","R"
,"256700c1-1dc5-4529-a67d-ee0fd5f17c39",2024-07-25T03:54:16Z,2024-07-25T10:43:32Z,"de2c62ae-b8b2-4d0b-9c31-0bc55b21c05a","18th Florida","Scott Franklin","249 Cannon House Office Building, Washington, DC 20515","R"
,"259b8877-7832-4373-9748-43b0d67f5cf8",2024-07-25T03:54:18Z,2024-07-25T09:02:22Z,"de2c62ae-b8b2-4d0b-9c31-0bc55b21c05a","12th Ohio","Troy Balderson","2429 Rayburn House Office Building, Washington, DC 20515","R"
,"2642c662-dc17-40d2-b371-07a95550530b",2024-07-25T03:54:16Z,2024-07-25T10:43:03Z,"de2c62ae-b8b2-4d0b-9c31-0bc55b21c05a","6th Massachusetts","Seth Moulton","1126 Longworth House Office Building, Washington, DC 20515","D"
,"2786f387-e29b-43ff-ade5-61508b4e644c",2024-07-25T03:54:17Z,2024-07-25T10:40:40Z,"de2c62ae-b8b2-4d0b-9c31-0bc55b21c05a","5th New Jersey","Josh Gottheimer","203 Cannon House Office Building, Washington, DC 20515","D"
,"28e203f1-5edf-4824-97bc-c4550328bae3",2024-07-25T03:54:15Z,2024-07-25T09:23:31Z,"de2c62ae-b8b2-4d0b-9c31-0bc55b21c05a","8th California","John Garamendi","2004 Rayburn House Office Building, Washington, DC 20515","D"
,"2978538a-edf7-40a2-9988-86f8224def4e",2024-07-25T03:54:17Z,2024-07-25T10:38:49Z,"de2c62ae-b8b2-4d0b-9c31-0bc55b21c05a","12th Michigan","Rashida Talib","2438 Rayburn House Office Building,  Washington, DC 20515","D"
,"2a24b566-f25d-43f8-bc5b-625cf25efe23",2024-07-25T03:54:18Z,2024-07-25T09:02:53Z,"de2c62ae-b8b2-4d0b-9c31-0bc55b21c05a","15th Ohio","Mike Carey","1433 Longworth House Office Building, Washington, DC 20515","R"
,"2b9d86b2-a0b2-4f9a-862e-88b56b327a3b",2024-07-25T03:54:18Z,2024-07-25T09:00:15Z,"de2c62ae-b8b2-4d0b-9c31-0bc55b21c05a","Northern Mariana Islands","Gregorio Kilili Camacho Sablan","2267 Rayburn House Office Building, Washington, DC 20515","I"
,"2c44e7b3-a1a3-498f-bc5c-69f750d3b2be",2024-07-25T03:54:16Z,2024-07-25T10:44:50Z,"de2c62ae-b8b2-4d0b-9c31-0bc55b21c05a","1st Hawaii","Ed Case","2210 Rayburn House Office Building, Washington, DC 20515","D"
,"2c6ebfce-63fd-481b-846e-7f47c70ade6a",2024-07-25T03:54:16Z,2024-07-25T10:41:29Z,"de2c62ae-b8b2-4d0b-9c31-0bc55b21c05a","4th Iowa","Randy Feenstra","1440 Longworth House Office Building, Washington, DC 20515","R"
,"2e77551d-d713-4a5f-8d7a-95ec7378a65c",2024-07-25T03:54:19Z,2024-07-25T07:17:06Z,"de2c62ae-b8b2-4d0b-9c31-0bc55b21c05a","10th Washington","Marilyn Strickland","1708 Longworth House Office Building, Washington, DC 20515","D"
,"30329ddd-2101-4a2d-a2ce-a6b5715eb2dc",2024-07-25T03:54:16Z,2024-07-25T10:40:55Z,"de2c62ae-b8b2-4d0b-9c31-0bc55b21c05a","2nd Indiana","Rudy Yakym","349 Cannon House Office Building, Washington, DC 20515","R"
,"30c915cb-c62f-4596-84f6-da0b3dc2d61c",2024-07-25T03:54:19Z,2024-07-25T07:17:06Z,"de2c62ae-b8b2-4d0b-9c31-0bc55b21c05a","6th Wisconsin","Glen Grithman","1511 Longworth House Office Building, Washington, DC 20515","R"
,"3182d6a0-13dd-4bb4-b520-ab9fa7de8e18",2024-07-25T03:54:15Z,2024-07-25T10:33:53Z,"de2c62ae-b8b2-4d0b-9c31-0bc55b21c05a","3rd Alabama","Mike Rogers","2469 Rayburn House Office Building, Washington, DC 20515","R"
,"318433e6-9b65-4597-a664-23e69008d93c",2024-07-25T03:54:19Z,2024-07-25T08:51:20Z,"de2c62ae-b8b2-4d0b-9c31-0bc55b21c05a","26th Texas","Michael C. Burgess","2161 Rayburn House Office Building, Washington, DC 20515","R"
,"31baac6d-ed0b-4f44-9041-81fe04d68575",2024-07-25T03:54:16Z,2024-07-25T10:43:34Z,"de2c62ae-b8b2-4d0b-9c31-0bc55b21c05a","19th Florida","Byron Donalds","1719 Longworth House Office Building, Washington, DC 20515","R"
,"338116cf-3a3f-4ed7-8835-3da530a90deb",2024-07-25T03:54:18Z,2024-07-25T09:06:43Z,"de2c62ae-b8b2-4d0b-9c31-0bc55b21c05a","12th Pennsylvania","Summer Lee","243 Cannon House Office Building, Washington, DC 20515","D"
,"33cf7489-6509-44ce-bf1e-12e58c5ed243",2024-07-25T03:54:18Z,2024-07-25T09:07:33Z,"de2c62ae-b8b2-4d0b-9c31-0bc55b21c05a","Puerto Rico","Jenniffer González-Colón","2338 Rayburn House Office Building, Washington, DC 20515","R"
,"35413e17-189c-4511-a883-83822312e4b4",2024-07-25T03:54:19Z,2024-07-25T07:17:06Z,"de2c62ae-b8b2-4d0b-9c31-0bc55b21c05a","5th Wisconsin","Scott Fitzgerald","1507 Longworth House Office Building, Washington, DC 20515","R"
,"357a2178-0b66-4239-b490-5e12db2e9da5",2024-07-25T03:54:16Z,2024-07-25T10:42:14Z,"de2c62ae-b8b2-4d0b-9c31-0bc55b21c05a","5th Louisiana","Julia Letlow","142 Cannon House Office Building, Washington, DC 20515","R"
,"35b87c41-b5fc-4e85-8e15-af1e531edff6",2024-07-25T03:54:16Z,2024-07-25T10:45:42Z,"de2c62ae-b8b2-4d0b-9c31-0bc55b21c05a","10th Illinois","Bradley Schneider","300 Cannon House Office Building, Washington, DC 20515","D"
,"35cae8c0-80f7-4d38-9753-ee2b1fc45f69",2024-07-25T03:54:19Z,2024-07-25T07:35:01Z,"de2c62ae-b8b2-4d0b-9c31-0bc55b21c05a","6th Tennessee","John Rose","2238 Rayburn House Office Building, Washington, DC 20515","R"
,"35e94611-ff54-42ad-8d43-7a0c9f58842d",2024-07-25T03:54:16Z,2024-07-25T10:45:36Z,"de2c62ae-b8b2-4d0b-9c31-0bc55b21c05a","9th Illinois","Janice Schakowsky","2408 Rayburn House Office Building, Washington, DC 20515","D"
,"35fab3bf-38cf-4d5a-897d-cc5df46cceca",2024-07-25T03:54:16Z,2024-07-25T10:47:19Z,"de2c62ae-b8b2-4d0b-9c31-0bc55b21c05a","4th Colorado","Ken Buck","2455 Rayburn House Office Building, Washington, DC 20515","R"
,"36b5dc8a-b368-4522-86b9-5b8e4cc2003d",2024-07-25T03:54:17Z,2024-07-25T10:40:28Z,"de2c62ae-b8b2-4d0b-9c31-0bc55b21c05a","1st New Jersey","Donald Norcross","2427 Rayburn House Office Building, Washington, DC 20515","D"
,"36f22508-437e-4d5d-bf9d-ae004eea4f90",2024-07-25T03:54:16Z,2024-07-25T10:45:16Z,"de2c62ae-b8b2-4d0b-9c31-0bc55b21c05a","4th Illinois","Jesus Garcia","1519 Longworth House Office Building, Washington, DC 20515","D"
,"37029d7e-7735-43bd-89ff-56db90a3ea09",2024-07-25T03:54:17Z,2024-07-25T10:39:50Z,"de2c62ae-b8b2-4d0b-9c31-0bc55b21c05a","7th Missouri","Eric Burlison","1108 Longworth House Office Building, Washington, DC 20515","R"
,"384614ee-cd63-4013-ab6a-6bab45dde557",2024-07-25T03:54:19Z,2024-07-25T08:59:55Z,"de2c62ae-b8b2-4d0b-9c31-0bc55b21c05a","35th Texas","Greg Casar","1339 Longworth House Office Building, Washington, DC 20515","D"
,"385e2f7f-d8f1-4230-a972-ad588595fa2a",2024-07-25T03:54:16Z,2024-07-25T10:47:53Z,"de2c62ae-b8b2-4d0b-9c31-0bc55b21c05a","1st Florida","Matt Gaetz","2021 Rayburn House Office Building, Washington, DC 20515","R"
,"3886a7fa-f1ea-4737-a76e-76c75baeefd8",2024-07-25T03:54:16Z,2024-07-25T10:45:48Z,"de2c62ae-b8b2-4d0b-9c31-0bc55b21c05a","12th Illinois","Mike Bost","352 Cannon House Office Building, Washington, DC 20515","D"
,"3a149d27-65a4-4d36-b522-ce638fa29019",2024-07-25T03:54:16Z,2024-07-25T10:46:24Z,"de2c62ae-b8b2-4d0b-9c31-0bc55b21c05a","39th California","Mark Takano","2078 Rayburn House Office Building, Washington, DC 20515","D"
,"3a43385f-4594-444b-9ac3-e762c774e8f6",2024-07-25T03:54:16Z,2024-07-25T10:47:02Z,"de2c62ae-b8b2-4d0b-9c31-0bc55b21c05a","51st California","Sara Jacobs","1314 Longworth House Office Building, Washington, DC 20515","D"
,"3a61e9e1-60fe-406d-91e7-ab936b3862c4",2024-07-25T03:54:16Z,2024-07-25T10:41:00Z,"de2c62ae-b8b2-4d0b-9c31-0bc55b21c05a","4th Indiana","James Baird","2303 Rayburn House Office Building, Washington, DC 20515","R"
,"3a7c6c61-62e4-4652-a4e2-6b61aaf24aee",2024-07-25T03:54:18Z,2024-07-25T09:05:36Z,"de2c62ae-b8b2-4d0b-9c31-0bc55b21c05a","4th Pennsylvania","Madeleine Dean","150 Cannon House Office Building, Washington, DC 20515","D"
,"3babe586-1bcc-4648-b200-8e56e0a0a49a",2024-07-25T03:54:18Z,2024-07-25T09:03:32Z,"de2c62ae-b8b2-4d0b-9c31-0bc55b21c05a","4th Oklahoma","Tom Cole","2207 Rayburn House Office Building, Washington, DC 20515","R"
,"3bba960c-7fb4-4c1e-abe0-7ccbf0ba0434",2024-07-25T03:54:19Z,2024-07-25T07:17:06Z,"de2c62ae-b8b2-4d0b-9c31-0bc55b21c05a","9th Virginia","Morgan Griffith","2202 Rayburn House Office Building, Washington, DC 20515","R"
,"3bd2a315-75fe-445c-8bbd-4fbb28271f35",2024-07-25T03:54:16Z,2024-07-25T10:44:09Z,"de2c62ae-b8b2-4d0b-9c31-0bc55b21c05a","3rd Georgia","Drew Ferguson","2239 Rayburn House Office Building, Washington, DC 20515","R"
,"3c0d79f1-5037-49cf-b979-16fe22878dd2",2024-07-25T03:54:17Z,2024-07-25T10:39:44Z,"de2c62ae-b8b2-4d0b-9c31-0bc55b21c05a","5th Missouri","Emanuel Cleaver","2217 Rayburn House Office Building, Washington, DC 20515","D"
,"3c6feb54-0831-4ab6-bdc1-bec896b676ff",2024-07-25T03:54:19Z,2024-07-25T07:17:06Z,"de2c62ae-b8b2-4d0b-9c31-0bc55b21c05a","1st Virginia","Rob Wittman","2055 Rayburn House Office Building, Washington, DC 20515","R"
,"3d840686-f172-4b12-9e85-1c3f04ea3af9",2024-07-25T03:54:17Z,2024-07-25T10:39:58Z,"de2c62ae-b8b2-4d0b-9c31-0bc55b21c05a","2nd Montana","Matt Rosendale","1023 Longworth House Office Building, Washington, DC 20515","R"
,"3e8fe54f-2579-4800-84d3-27955fcf7b50",2024-07-25T03:54:18Z,2024-07-25T09:07:49Z,"de2c62ae-b8b2-4d0b-9c31-0bc55b21c05a","2nd Rhode Island","Seth Magaziner","1218 Longworth House Office Building, Washington, DC 20515","D"
,"40c2eb96-a771-494d-98d7-d553d97fffda",2024-07-25T03:54:16Z,2024-07-25T10:46:56Z,"de2c62ae-b8b2-4d0b-9c31-0bc55b21c05a","49th California","Mike Levin","2352 Rayburn House Office Building, Washington, DC 20515","D"
,"41034766-dd66-45e8-9cd1-bdcf27234387",2024-07-25T03:54:18Z,2024-07-25T09:07:11Z,"de2c62ae-b8b2-4d0b-9c31-0bc55b21c05a","15th Pennsylvania","Glenn Thompson","400 Canon House Office Building, Washington, DC 20515","R"
,"416627a5-bbe8-4620-897e-12ea0a877391",2024-07-25T03:54:15Z,2024-07-25T09:49:01Z,"de2c62ae-b8b2-4d0b-9c31-0bc55b21c05a","2nd Arizona","Eli Crane","1223 Longworth House Officce Building, Washington, DC 20515","R"
,"418015b0-2e13-4ede-81f7-bae7dea9fd32",2024-07-25T03:54:15Z,2024-07-25T09:48:52Z,"de2c62ae-b8b2-4d0b-9c31-0bc55b21c05a","5th Arizona","Andy Biggs","252 Cannon House Office Building, Washington, DC 20515","R"
,"41b38758-934e-4f2e-bea4-641aaa8f054f",2024-07-25T03:54:17Z,2024-07-25T10:38:39Z,"de2c62ae-b8b2-4d0b-9c31-0bc55b21c05a","9th Michigan","Lisa McClain","444 Cannon House Office Building, Washington, DC 20515","R"
,"4226fcd7-ef3d-4888-83cf-38fd96418ca2",2024-07-25T03:54:15Z,2024-07-25T09:21:44Z,"de2c62ae-b8b2-4d0b-9c31-0bc55b21c05a","29th California","Tony Cárdenas","2181 Rayburn House Office Building, Washington, DC 20515","D"
,"424cb3d2-8869-41d2-b95a-9ba108266d0d",2024-07-25T03:54:16Z,2024-07-25T10:44:14Z,"de2c62ae-b8b2-4d0b-9c31-0bc55b21c05a","5th Georgia","Nikema Williams","1406 Longworth House Office Building, Washington, DC 20515","D"
,"433465ad-84dc-46f8-bf67-13d19c3cc654",2024-07-25T03:54:19Z,2024-07-25T08:50:01Z,"de2c62ae-b8b2-4d0b-9c31-0bc55b21c05a","17th Texas","Pete Sessions","2204 Rayburn House Office Building, Washington, DC 20515","R"
,"4386654e-4b33-4a9d-993e-4a843ed3900e",2024-07-25T03:54:19Z,2024-07-25T08:52:15Z,"de2c62ae-b8b2-4d0b-9c31-0bc55b21c05a","31st Texas","John Carter","2208. Rayburn House Office Building, Washington, DC 20515","R"
,"44a90d6c-e38b-4f3e-b36c-3d4ba6ea4bd3",2024-07-25T03:54:18Z,2024-07-25T03:54:18Z,"de2c62ae-b8b2-4d0b-9c31-0bc55b21c05a","4th North Carolina","Valerie Foushee","1716 Longworth House Office Building, Washington, DC 20515",
,"44e56ab4-97ea-476b-8d8e-297753f98726",2024-07-25T03:54:17Z,2024-07-25T10:39:41Z,"de2c62ae-b8b2-4d0b-9c31-0bc55b21c05a","4th Missouri","Mark Alford","1516 Longworth House Office Building, Washington, DC 20515","R"
,"47415351-44c0-466d-800b-a967f04233fd",2024-07-25T03:54:18Z,2024-07-25T09:05:16Z,"de2c62ae-b8b2-4d0b-9c31-0bc55b21c05a","2nd Pennsylvania","Brendan Boyle","1502 Longworth House Office Building, Washington, DC 20515","D"
,"487a7141-a00d-48a2-9f76-65c02d806ea1",2024-07-25T03:54:19Z,2024-07-25T07:17:06Z,"de2c62ae-b8b2-4d0b-9c31-0bc55b21c05a","10th Virginia","Jennifer Wexton","1210 Longworth House Office Building, Washington, DC 20515","D"
,"4892ac53-7976-49f6-b7ac-480de048f5ba",2024-07-25T03:54:18Z,2024-07-25T09:11:18Z,"de2c62ae-b8b2-4d0b-9c31-0bc55b21c05a","15th New York","Ritchie Torres","1414 Longworth House Office Building, Washington, DC 20515","D"
,"48f668fd-de4d-48d0-a511-30d0998cf34e",2024-07-25T03:54:17Z,2024-07-25T10:38:59Z,"de2c62ae-b8b2-4d0b-9c31-0bc55b21c05a","3rd Minnesota","Dean Phillips","2452 Rayburn House Office Building, Washington, DC 20515","D"
,"49172344-bf07-442c-a2a0-bf3fb62075a4",2024-07-25T03:54:16Z,2024-07-25T10:45:45Z,"de2c62ae-b8b2-4d0b-9c31-0bc55b21c05a","11th Illinois","Bill Foster","2366 Rayburn House Office Building, Washington, DC 20515","D"
,"496ed4a9-ee86-4c18-8939-b5604f2f5229",2024-07-25T03:54:18Z,2024-07-25T09:02:10Z,"de2c62ae-b8b2-4d0b-9c31-0bc55b21c05a","11th Ohio","Shontel Brown","449 Cannon House Office Building, Washington, DC 20515","D"
,"498801b0-2d02-4abe-a452-72155e5f566d",2024-07-25T03:54:19Z,2024-07-25T08:59:45Z,"de2c62ae-b8b2-4d0b-9c31-0bc55b21c05a","34th Texas","Vincente Gonzalez","154 Cannon House Office Building, Washington, DC 20515","D"
,"4a8df286-706e-4da7-9601-f4c2c902d5ab",2024-07-25T03:54:15Z,2024-07-25T09:47:43Z,"de2c62ae-b8b2-4d0b-9c31-0bc55b21c05a","6th California","Ami Bera","172 Cannon House Office Building, Washington, DC 20515","D"
,"4b7a83db-5a8a-4c3a-bd76-684dd6a8b811",2024-07-25T03:54:19Z,2024-07-25T08:47:44Z,"de2c62ae-b8b2-4d0b-9c31-0bc55b21c05a","8th Tennessee","David Kustoff","560 Cannon House Office Building, Washington, DC 20515","R"
,"4c7f00ed-5004-404f-bbf2-ecc050c87824",2024-07-25T03:54:17Z,2024-07-25T10:39:11Z,"de2c62ae-b8b2-4d0b-9c31-0bc55b21c05a","6th Minnesota","Tom Emmer","464 Cannon House Office Building, Washington, DC 20515","R"
,"4cad69da-7fe4-4b39-a0b1-de3da5a65ef2",2024-07-25T03:54:16Z,2024-07-25T10:42:16Z,"de2c62ae-b8b2-4d0b-9c31-0bc55b21c05a","6th Louisiana","Garret Graves","2402 Rayburn House Office Building, Washington, DC 20515","R"
,"4ee890ac-a00c-4172-b592-81341a42bfb4",2024-07-25T03:54:16Z,2024-07-25T10:45:24Z,"de2c62ae-b8b2-4d0b-9c31-0bc55b21c05a","7th Illinois","Danny K. Davis","2159 Rayburn House Office Building, Washington, DC 20515","D"
,"4f1c0a04-bada-491e-b87d-373f158ff9e2",2024-07-25T03:54:19Z,2024-07-25T07:17:06Z,"de2c62ae-b8b2-4d0b-9c31-0bc55b21c05a","37th Texas","Llyod Doggett","2307 Rayburn House Office Building, Washington, DC 20515","D"
,"4fc0c870-26a7-47a6-88fe-7fca18b1f98f",2024-07-25T03:54:15Z,2024-07-25T09:48:05Z,"de2c62ae-b8b2-4d0b-9c31-0bc55b21c05a","2nd California","Jared Huffman","2445 Rayburn House Office Building, Washington, DC 20515","D"
,"4fc70482-fe4a-4dfb-b37b-5772eab4ca1e",2024-07-25T03:54:19Z,2024-07-25T08:51:02Z,"de2c62ae-b8b2-4d0b-9c31-0bc55b21c05a","24th Texas","Beth Van Duyne","1725. Longworth House Office Building, Washington, DC 20515","R"
,"4fce14ec-db8f-489a-b70b-627d9e7f48a0",2024-07-25T03:54:15Z,2024-07-25T09:22:37Z,"de2c62ae-b8b2-4d0b-9c31-0bc55b21c05a","18th California","Zoe Lofgren","1401 Longworth House Office Building, Washington, DC 20515","D"
,"4fe17134-8726-4536-9cd8-6cfe1aef8fff",2024-07-25T03:54:15Z,2024-07-25T09:23:26Z,"de2c62ae-b8b2-4d0b-9c31-0bc55b21c05a","9th California","Josh Harder","209 Cannon House Office Building, Washington, DC 20515","D"
,"50447103-23b1-4fb3-bb6f-8a545437b0f7",2024-07-25T03:54:18Z,2024-07-25T09:09:21Z,"de2c62ae-b8b2-4d0b-9c31-0bc55b21c05a","3rd New Mexico","Teresa Leger Fernandez","1432 Longworth House Office Building, Washington, DC 20515","D"
,"5047cb02-417a-4a58-88a0-09b6a73b24af",2024-07-25T03:54:18Z,2024-07-25T09:09:11Z,"de2c62ae-b8b2-4d0b-9c31-0bc55b21c05a","2nd New Mexico","Gabe Vasquez","1517 Longworth House Office Building, Washington, DC 20515","D"
,"5106463d-9593-41a4-89d2-2af1d454b8fa",2024-07-25T03:54:16Z,2024-07-25T10:43:08Z,"de2c62ae-b8b2-4d0b-9c31-0bc55b21c05a","8th Massachusetts","Stephen Lynch","2109 Rayburn House Office Building, Washington, DC 20515","D"
,"5159316c-e178-4bd7-a809-3bce68a99579",2024-07-25T03:54:16Z,2024-07-25T10:44:12Z,"de2c62ae-b8b2-4d0b-9c31-0bc55b21c05a","4th Georgia","Hank Johnson","2240 Rayburn House Office Building, Washington, DC 20515","D"
,"51eb0083-e320-4e0a-b8a4-b97e35b49e0b",2024-07-25T03:54:19Z,2024-07-25T07:17:06Z,"de2c62ae-b8b2-4d0b-9c31-0bc55b21c05a","3rd Washington","Marie Perez","1431 Longworth House Office Building, Washington, DC 20515","D"
,"5290d24f-3362-4a4e-85d0-5b8125507f41",2024-07-25T03:54:19Z,2024-07-25T07:17:06Z,"de2c62ae-b8b2-4d0b-9c31-0bc55b21c05a","2nd Tennessee","Tim Burchett","1122 Longworth House Office Building, Washington, DC 20515","R"
,"532358b1-173c-4873-8882-19c9b8a73d8a",2024-07-25T03:54:18Z,2024-07-25T10:36:39Z,"de2c62ae-b8b2-4d0b-9c31-0bc55b21c05a","18th New York","Pat Ryan","1030 Longworth House Office Building, Washington, DC 20515","D"
,"5343e05f-d073-429e-8733-4c9701f74ba0",2024-07-25T03:54:18Z,2024-07-25T09:00:26Z,"de2c62ae-b8b2-4d0b-9c31-0bc55b21c05a","1st Ohio","Greg Landsman","1432 Longworth House Office Building, Washington, DC 20515","D"
,"550e1a44-75f5-49f8-a820-e426f2eb23c3",2024-07-25T03:54:17Z,2024-07-25T10:39:06Z,"de2c62ae-b8b2-4d0b-9c31-0bc55b21c05a","4th Minnesota","Betty McCollum","2426 Rayburn House Office Building, Washington, DC 20515","D"
,"5640ce18-14ae-4285-86c6-bda20518d9e1",2024-07-25T03:54:16Z,2024-07-25T10:45:32Z,"de2c62ae-b8b2-4d0b-9c31-0bc55b21c05a","8th Illinois","Raja Krishnamoorthi","2367 Rayburn House Office Building, Washington, DC 20515","D"
,"56e41399-b38d-4a70-ac7e-04974aaa48e9",2024-07-25T03:54:16Z,2024-07-25T10:45:10Z,"de2c62ae-b8b2-4d0b-9c31-0bc55b21c05a","2nd Illinois","Robin Kelly","2329 Rayburn House Office Building, Washington, DC 20515","D"
,"56eeffd7-16ee-4fde-84c2-69702a21bbda",2024-07-25T03:54:15Z,2024-07-25T09:22:07Z,"de2c62ae-b8b2-4d0b-9c31-0bc55b21c05a","24th California","Salud Carbajal","2331 Rayburn House Office Building, Washington, DC 20515","D"
,"5770cd68-caed-4444-844c-e988f2fcde39",2024-07-25T03:54:18Z,2024-07-25T09:10:09Z,"de2c62ae-b8b2-4d0b-9c31-0bc55b21c05a","6th New York","Grace Meng","2209 Rayburn House Office Building, Washington, DC 20515","D"
,"57bde35f-2ec9-4106-86f5-31a10034c911",2024-07-25T03:54:17Z,2024-07-25T10:40:31Z,"de2c62ae-b8b2-4d0b-9c31-0bc55b21c05a","2nd New Jersey","Jeff Van Drew","2447 Rayburn House Office Building, Washington, DC 20515","R"
,"5993cec4-a92a-4291-b8b6-181f5373d8a1",2024-07-25T03:54:16Z,2024-07-25T10:46:54Z,"de2c62ae-b8b2-4d0b-9c31-0bc55b21c05a","48th California","Darrell Issa","2108 Rayburn House Office Building, Washington, DC 20515","R"
,"5a378825-0cbf-48e2-bccb-a9b554d53d57",2024-07-25T03:54:17Z,2024-07-25T10:40:43Z,"de2c62ae-b8b2-4d0b-9c31-0bc55b21c05a","6th New Jersey","Frank Pallone","2107 Rayburn House Office Building, Washington, DC 20515","D"
,"5bfc4092-a9e1-4daa-a053-a5b31f846789",2024-07-25T03:54:17Z,2024-07-25T10:40:34Z,"de2c62ae-b8b2-4d0b-9c31-0bc55b21c05a","3rd New Jersey","Andy Kim","2444 Rayburn House Office Building, Washington, DC 20515","D"
,"5c666efd-7fc8-4002-8b2d-094c9618f1cf",2024-07-25T03:54:19Z,2024-07-25T08:48:47Z,"de2c62ae-b8b2-4d0b-9c31-0bc55b21c05a","7th Texas","Lizzie Pannill Fletcher","346 Cannon House Office Building, Washington, DC 20515","D"
,"5cdfd8a5-ca5a-484d-a1bf-bbdbdf5cea7c",2024-07-25T03:54:19Z,2024-07-25T08:49:19Z,"de2c62ae-b8b2-4d0b-9c31-0bc55b21c05a","11th Texas","August Pfluger","1124 Longworth House Office Building, Washington, DC 20515","R"
,"5cfd9c4b-f215-43ed-a1d5-e39967b1048d",2024-07-25T03:54:18Z,2024-07-25T09:08:06Z,"de2c62ae-b8b2-4d0b-9c31-0bc55b21c05a","2nd South Carolina","Joe Wilson","1436 Longworth House Office Building, Washington, DC 20515","R"
,"5fbed6ca-18b9-438d-bc70-164382ad0227",2024-07-25T03:54:16Z,2024-07-25T10:43:58Z,"de2c62ae-b8b2-4d0b-9c31-0bc55b21c05a","26th Florida","Mario Diaz-Balart","374 CHouse Office Building, Washington, DC 20515","R"
,"5ff5d2b8-571e-49fc-85e4-d2f4f25b4f70",2024-07-25T03:54:17Z,2024-07-25T10:40:37Z,"de2c62ae-b8b2-4d0b-9c31-0bc55b21c05a","4th New Jersey","Chris Smith","2373 Rayburn House Office Building, Washington, DC 20515","R"
,"5ffa0912-1022-456b-9b83-a55521a809ee",2024-07-25T03:54:18Z,2024-07-25T09:09:57Z,"de2c62ae-b8b2-4d0b-9c31-0bc55b21c05a","4th New York","Anthony D'Esposito","1508 Rayburn House Office Building, Washington, DC 20515","D"
,"6014bfc6-63e0-43d4-a83d-cf550b916a31",2024-07-25T03:54:16Z,2024-07-25T10:41:12Z,"de2c62ae-b8b2-4d0b-9c31-0bc55b21c05a","8th Indiana","Larry Bucshon","2313 Rayburn House Office Building, Washington, DC 20515","R"
,"60430c12-851f-4e72-a6fb-134c49f754e8",2024-07-25T03:54:19Z,2024-07-25T07:17:06Z,"de2c62ae-b8b2-4d0b-9c31-0bc55b21c05a","1st Wyoming","Harriet Hagerman.","1531 Longworth House Office Building, Washington, DC 20515","R"
,"6102de2a-9edf-4a75-a1ab-0c084f8ecc09",2024-07-25T03:54:16Z,2024-07-25T10:43:46Z,"de2c62ae-b8b2-4d0b-9c31-0bc55b21c05a","22nd Florida","Lois Frankel","2305 Rayburn House Office Building, Washington, DC 20515","D"
,"610d46bc-b386-4242-b1d4-9d2e74397cf1",2024-07-25T03:54:16Z,2024-07-25T10:41:49Z,"de2c62ae-b8b2-4d0b-9c31-0bc55b21c05a","3rd Kentucky","Morgan McGarvey","1527 Longworth House Office Building, Washington, DC 20515","D"
,"611ac69f-7a95-46d5-a886-ea095cc94521",2024-07-25T03:54:17Z,2024-07-25T10:39:34Z,"de2c62ae-b8b2-4d0b-9c31-0bc55b21c05a","2nd Missouri","Ann Wagner","2350 Rayburn House Office Building, Washington, DC 20515","R"
,"622f7797-6f2c-4263-b65e-04f5815ef4a6",2024-07-25T03:54:18Z,2024-07-25T09:01:25Z,"de2c62ae-b8b2-4d0b-9c31-0bc55b21c05a","6th Ohio","Bill Johnson","2082 Rayburn House Office Building, Washington, DC 20515","R"
,"6272df4b-c62b-4c2f-9534-b9f4b5205eb5",2024-07-25T03:54:17Z,2024-07-25T10:39:55Z,"de2c62ae-b8b2-4d0b-9c31-0bc55b21c05a","1st Montana","Ryan Zinke","512 Cannon House Office Building, Washington, DC 20515","R"
,"6292d8c7-e88a-4df2-9a03-1c9d5e4d09c8",2024-07-25T03:54:16Z,2024-07-25T10:34:11Z,"de2c62ae-b8b2-4d0b-9c31-0bc55b21c05a","9th Florida","Darren Soto","2353 Rayburn House Office Building, Washington, DC 20515","D"
,"62a94f9c-4420-451b-b68c-39d4f7673592",2024-07-25T03:54:15Z,2024-07-25T09:48:32Z,"de2c62ae-b8b2-4d0b-9c31-0bc55b21c05a","9th Arizona","Paul Gosar","2057 Rayburn House Office Building, Washington, DC 20515","R"
,"62db827e-8fbe-456c-b7e0-a389ce724326",2024-07-25T03:54:18Z,2024-07-25T09:10:46Z,"de2c62ae-b8b2-4d0b-9c31-0bc55b21c05a","11th New York","Nicole Malliotakis","351 Cannon House Office Building, Washington, DC 20515","R"
,"63063743-9c88-464d-9650-7afa0cff1fb5",2024-07-25T03:54:18Z,2024-07-25T09:04:06Z,"de2c62ae-b8b2-4d0b-9c31-0bc55b21c05a","3rd Oregon","Earl Blumenauer","1111 Longworth House Office Building, Washington, DC 20515","D"
,"6368c261-5aef-4582-a26b-01c31034946e",2024-07-25T03:54:15Z,2024-07-25T09:48:25Z,"de2c62ae-b8b2-4d0b-9c31-0bc55b21c05a","2nd Arkansas","French Hill","1533 Longworth House Office Building, Washington, DC 20515","R"
,"6440f92e-529a-40ae-9474-47e80dbb2ba4",2024-07-25T03:54:18Z,2024-07-25T09:06:04Z,"de2c62ae-b8b2-4d0b-9c31-0bc55b21c05a","7th Pennsylvania","Susan Wild","1607 Longworth House Office Building, Washington, DC 20515","D"
,"646b65b3-3fbe-485b-ad11-6017165ded33",2024-07-25T03:54:17Z,2024-07-25T10:40:00Z,"de2c62ae-b8b2-4d0b-9c31-0bc55b21c05a","1st Nebraska","Mike Flood","343 Cannon House Office Building, Washington, DC 20515","R"
,"64721a40-68f4-4460-8935-71c410b5750f",2024-07-25T03:54:18Z,2024-07-25T09:10:21Z,"de2c62ae-b8b2-4d0b-9c31-0bc55b21c05a","8th New York","Hakeem Jeffries","2433 Rayburn House Office Building, Washington, DC 20515","D"
,"65d3a650-17e1-475a-9f92-effe1c236ad5",2024-07-25T03:54:15Z,2024-07-25T10:33:49Z,"de2c62ae-b8b2-4d0b-9c31-0bc55b21c05a","4th Alabama","Robert Aderholt","266 Cannon House Office Building, Washington, DC 20515","R"
,"65efe6e3-3955-40ec-9060-c4e51568dc6d",2024-07-25T03:54:16Z,2024-07-25T10:47:45Z,"de2c62ae-b8b2-4d0b-9c31-0bc55b21c05a","5th Connecticut","Jahana Hayes","2458 Longworth House Office Building, Washington, DC 20515","D"
,"660792d3-8fe1-4403-99fd-c55b7f234899",2024-07-25T03:54:16Z,2024-07-25T10:48:00Z,"de2c62ae-b8b2-4d0b-9c31-0bc55b21c05a","3rd Florida","Kat Cammack","2421 Rayburn House Office Building, Washington, DC 20515","R"
,"68bac202-51d1-4c4b-8bb8-afa26033fab3",2024-07-25T03:54:16Z,2024-07-25T10:44:17Z,"de2c62ae-b8b2-4d0b-9c31-0bc55b21c05a","6th Georgia","Richard McCormick","1213 Longworth House Office Building, Washington, DC 20515","R"
,"691b0c52-8cbe-4f50-91d2-14f8443e5c58",2024-07-25T03:54:17Z,2024-07-25T10:39:53Z,"de2c62ae-b8b2-4d0b-9c31-0bc55b21c05a","8th Missouri","Jason Smith","1011 Longworth House Office Building, Washington, DC 20515","R"
,"69e03008-7df1-466a-b4c2-455ac93d0294",2024-07-25T03:54:16Z,2024-07-25T10:44:04Z,"de2c62ae-b8b2-4d0b-9c31-0bc55b21c05a","1st Georgia","Earl Carter","2432 Rayburn House Office Building, Washington, DC 20515","R"
,"69fa6d7e-e31a-4322-8f37-4cb15e61e3bf",2024-07-25T03:54:16Z,2024-07-25T10:42:37Z,"de2c62ae-b8b2-4d0b-9c31-0bc55b21c05a","5th Maryland","Steny Hoyer","1705 Longworth House Office Building, Washington, DC 20515","D"
,"6a7d4094-d460-4936-8be1-216bc878f35b",2024-07-25T03:54:16Z,2024-07-25T10:46:44Z,"de2c62ae-b8b2-4d0b-9c31-0bc55b21c05a","44th California","Nanette Barragan","2312 Rayburn House Office Building, Washington, DC 20515","D"
,"6a7dd187-714f-4722-8f5f-0694055f7e0b",2024-07-25T03:54:18Z,2024-07-25T09:07:55Z,"de2c62ae-b8b2-4d0b-9c31-0bc55b21c05a","1st South Carolina","Nancy Mace","1728 Longworth House Office Building, Washington, DC 20515","R"
,"6abb4074-18e5-43fb-a35b-daacec17b384",2024-07-25T03:54:19Z,2024-07-25T07:17:06Z,"de2c62ae-b8b2-4d0b-9c31-0bc55b21c05a","38th Texas","Wesley Hunt","1520 Longworth House Office Building, Washington, DC 20515","D"
,"6ad1eef8-3292-48b3-9a49-b6cc9e36a8a0",2024-07-25T03:54:18Z,2024-07-25T03:54:18Z,"de2c62ae-b8b2-4d0b-9c31-0bc55b21c05a","12th New Jersey","Bonnie Coleman-Watson.","168 Cannon House Office Building, Washington, DC 20515",
,"6bcabb45-a7ab-4d9f-a84c-271f8408c49b",2024-07-25T03:54:19Z,2024-07-25T08:50:54Z,"de2c62ae-b8b2-4d0b-9c31-0bc55b21c05a","23rd Texas ","Tony Gomzales","2244 Rayburn House Office Building, Washington, DC 20515","R"
,"6c4669ba-c303-4bf9-86df-7cdc7e7b81ce",2024-07-25T03:54:17Z,2024-07-25T10:38:56Z,"de2c62ae-b8b2-4d0b-9c31-0bc55b21c05a","2nd Minnesota","Angie Craig","2442 Rayburn House Office Building, Washington, DC 20515","D"
,"6d134fc9-9060-4d75-88c1-cd126b71612a",2024-07-25T03:54:16Z,2024-07-25T10:42:21Z,"de2c62ae-b8b2-4d0b-9c31-0bc55b21c05a","2nd Maine","Jared Golden","11710 Longworth House Office Building, Washington, DC 20515","D"
,"6d3a4a88-f0e0-4a7d-a8fc-95a90b8045e3",2024-07-25T03:54:17Z,2024-07-25T10:38:42Z,"de2c62ae-b8b2-4d0b-9c31-0bc55b21c05a","10th Michigan","John James","1319 Longworth House Office Building, Washington, DC 20515","R"
,"6dc4e8f0-f4ac-408c-a857-c963462e5f4f",2024-07-25T03:54:19Z,2024-07-25T07:17:06Z,"de2c62ae-b8b2-4d0b-9c31-0bc55b21c05a","4th Virginia","Jennifer McClellan","2417 Rayburn House Office Building, Washington, DC 20515","D"
,"6e469b0b-c6b2-4c81-bc48-d7435675395d",2024-07-25T03:54:18Z,2024-07-25T09:10:31Z,"de2c62ae-b8b2-4d0b-9c31-0bc55b21c05a","9th New York","Yvette Clarke","2058 Rayburn House Office Building, Washington, DC 20515","D"
,"6e8a06a7-76b1-4e62-b018-55029f2ee8eb",2024-07-25T03:54:18Z,2024-07-25T10:37:21Z,"de2c62ae-b8b2-4d0b-9c31-0bc55b21c05a","1st North Carolina","Donald Davis","1123 Longworth House Office Building,  Washington, DC 20515","D"
,"6eb4d61c-81cc-455f-98d4-57611aa6c843",2024-07-25T03:54:16Z,2024-07-25T10:48:12Z,"de2c62ae-b8b2-4d0b-9c31-0bc55b21c05a","5th Florida","John Rutherford","1711 Longworth House Office Building, Washington, DC 20515","R"
,"6ed07abd-148b-44ca-b572-0bfd9126f60e",2024-07-25T03:54:16Z,2024-07-25T10:46:59Z,"de2c62ae-b8b2-4d0b-9c31-0bc55b21c05a","50th California","Scott Peters","1201 Longworth House Office Building, Washington, DC 20515","D"
,"6edc12b5-72aa-42bc-bf6a-2e870f497218",2024-07-25T03:54:15Z,2024-07-25T10:33:38Z,"de2c62ae-b8b2-4d0b-9c31-0bc55b21c05a","6th Alabama","Gary Palmer","170 Cannon House Office Building, Washington, DC 20515","R"
,"6fcb143a-fb7c-45c5-b9f6-14bb4907e0bc",2024-07-25T03:54:17Z,2024-07-25T10:38:37Z,"de2c62ae-b8b2-4d0b-9c31-0bc55b21c05a","8th Michigan","Dan Kildee","2269 Rayburn House Office Building, Washington, DC 20515","D"
,"706eafb4-a4ea-44ba-8fd1-5b3fbef1df57",2024-07-25T03:54:19Z,2024-07-25T08:50:28Z,"de2c62ae-b8b2-4d0b-9c31-0bc55b21c05a","20th Texas","Joaquin Castro","2241 Rayburn House Office Building, Washington, DC 20515","D"
,"70999f02-56b6-4230-9c95-1ac48fe09a98",2024-07-25T03:54:17Z,2024-07-25T10:40:16Z,"de2c62ae-b8b2-4d0b-9c31-0bc55b21c05a","3rd Nevada","Susie Lee","365 Cannon House Office Building, Washington, DC 20515","D"
,"714e0e84-8836-4545-8d9d-57774d731785",2024-07-25T03:54:18Z,2024-07-25T09:04:52Z,"de2c62ae-b8b2-4d0b-9c31-0bc55b21c05a","1st Pennsylvania","Brian Fitzpatrick","271 Cannon House Office Building, Washington, DC 20515","D"
,"727f5e96-99e9-4fc2-8596-8f1d92ae7fd9",2024-07-25T03:54:15Z,2024-07-25T09:47:38Z,"de2c62ae-b8b2-4d0b-9c31-0bc55b21c05a","7th California","Doris Matsui","2311 Rayburn House Office Building, Washington, DC 20515","D"
,"72cf0da3-cd72-4c1a-ab48-65ade823aa9b",2024-07-25T03:54:16Z,2024-07-25T10:44:37Z,"de2c62ae-b8b2-4d0b-9c31-0bc55b21c05a","11th Georgia","Barry Loudermilk","2133 Rayburn House Office Building, Washington, DC 20515","R"
,"744ae2c3-184e-4554-bf5b-b05d0d4a0917",2024-07-25T03:54:15Z,2024-07-25T10:33:34Z,"de2c62ae-b8b2-4d0b-9c31-0bc55b21c05a","7th Alabama","Terri Sewell","1035 Longworth House Office Building, Washington, DC 20515","D"
,"74588f9a-0493-4748-b2d8-ac8cc1e9f90d",2024-07-25T03:54:19Z,2024-07-25T07:17:06Z,"de2c62ae-b8b2-4d0b-9c31-0bc55b21c05a","4th Wisconsin","Gwen Moore","2252 Rayburn House Office Building, Washington, DC 20515","D"
,"757620aa-6a0d-449a-89d8-0fc3e3fee325",2024-07-25T03:54:16Z,2024-07-25T10:46:41Z,"de2c62ae-b8b2-4d0b-9c31-0bc55b21c05a","43rd California","Maxine Waters","2221 Rayburn House Office Building, Washington, DC 20515","D"
,"75ba811a-f22a-43ec-8ca3-2e2943fb3047",2024-07-25T03:54:18Z,2024-07-25T09:10:52Z,"de2c62ae-b8b2-4d0b-9c31-0bc55b21c05a","12th New York","Jerrold Nadler","2132 Rayburn House Office Building, Washington, DC 20515","D"
,"75ca8dc6-7984-4469-9fc0-7c9afd0f925c",2024-07-25T03:54:16Z,2024-07-25T10:46:29Z,"de2c62ae-b8b2-4d0b-9c31-0bc55b21c05a","40th California","Young Kim","1306 Longworth House Office Building, Washington, DC 20515","R"
,"7677428c-6bc3-440f-8d91-7f21c604978b",2024-07-25T03:54:16Z,2024-07-25T10:44:27Z,"de2c62ae-b8b2-4d0b-9c31-0bc55b21c05a","8th Georgia","Austin Scott","2185 Rayburn House Office Building, Washington, DC 20515","R"
,"76a0c7ff-24d4-4525-98fb-fdc305afa6b8",2024-07-25T03:54:16Z,2024-07-25T10:43:49Z,"de2c62ae-b8b2-4d0b-9c31-0bc55b21c05a","23rd Florida","Jared Moskowitz","1130 Longworth House Office Building, Washington, DC 20515","D"
,"77ffe9e7-8f27-4b79-ad44-0a7475d859d4",2024-07-25T03:54:15Z,2024-07-25T09:21:52Z,"de2c62ae-b8b2-4d0b-9c31-0bc55b21c05a","27th California","Mike Garcia","144 Cannon House Office Building, Washington, DC 20515","R"
,"7896fa86-6c6c-406c-b116-89b86457d549",2024-07-25T03:54:16Z,2024-07-25T10:44:24Z,"de2c62ae-b8b2-4d0b-9c31-0bc55b21c05a","7th Georgia","Lucy McBath","2246 Rayburn House Office Building, Washington, DC 20515","D"
,"78d7e903-d18b-48eb-a0fc-803b66bd1592",2024-07-25T03:54:19Z,2024-07-25T07:17:06Z,"de2c62ae-b8b2-4d0b-9c31-0bc55b21c05a","2nd Washington","Rick Larsen","2163 Rayburn House Office Building, Washington, DC 20515","D"
,"78f50f3a-211d-4186-9948-8ccb8a691c14",2024-07-25T03:54:16Z,2024-07-25T10:46:35Z,"de2c62ae-b8b2-4d0b-9c31-0bc55b21c05a","41st California","Ken Calvert","2205 Rayburn House Office Building. Washington, DC 20515","R"
,"7926c3ea-6eb7-4c0f-8142-1e2bf70a3113",2024-07-25T03:54:19Z,2024-07-25T08:48:23Z,"de2c62ae-b8b2-4d0b-9c31-0bc55b21c05a","4th Texas","Pat Fallon","2416 Rayburn House Office Building, Washington, DC 20515","R"
,"794e197c-9e28-4e67-8fd9-f3c2f41b4e14",2024-07-25T03:54:19Z,2024-07-25T08:51:13Z,"de2c62ae-b8b2-4d0b-9c31-0bc55b21c05a","25th Texas","Roger Williams","2236 Rayburn House Office Building, Washington, DC 20515","R"
,"79748b8f-bdbc-4933-a8d7-984bb7112f5d",2024-07-25T03:54:16Z,2024-07-25T10:42:47Z,"de2c62ae-b8b2-4d0b-9c31-0bc55b21c05a","1st Massachusetts","Richard Neal","372 Cannon House Office Building, Washington, DC 20515","D"
,"7a15fa2e-4313-4d84-a504-2960e17e0121",2024-07-25T03:54:16Z,2024-07-25T10:45:04Z,"de2c62ae-b8b2-4d0b-9c31-0bc55b21c05a","2nd Idaho","Mike Simpson","2084 Rayburn House Office Building, Washington, DC 20515","R"
,"7a24e53e-329f-4495-8eaf-8d5da31e9065",2024-07-25T03:54:16Z,2024-07-25T10:44:31Z,"de2c62ae-b8b2-4d0b-9c31-0bc55b21c05a","9th Georgia","Andrew Clyde","445 Cannon House Office Building, Washington, DC 20515","R"
,"7a9926b0-2ef3-4ca2-b59b-3b498c8edbea",2024-07-25T03:54:19Z,2024-07-25T07:17:06Z,"de2c62ae-b8b2-4d0b-9c31-0bc55b21c05a","5th South Carolina","Ralph Norman","569 Cannon House Office Building, Washington, DC 20515","R"
,"7bc34cde-402b-4640-ab87-4f5537d9b4d2",2024-07-25T03:54:17Z,2024-07-25T10:38:52Z,"de2c62ae-b8b2-4d0b-9c31-0bc55b21c05a","13th Michigan","Shri Thanedar","1039 Longworth House Office Building, Washington, DC 20515","D"
,"7c951910-caec-4108-ac77-90aaa7857190",2024-07-25T03:54:18Z,2024-07-25T09:06:34Z,"de2c62ae-b8b2-4d0b-9c31-0bc55b21c05a","11th Pennsylvania","Llyod Smucker","302 Cannon House Office Building, Washington, DC 20515","R"
,"7cb232d9-7f1f-413e-badb-30373fc98138",2024-07-25T03:54:18Z,2024-07-25T09:01:15Z,"de2c62ae-b8b2-4d0b-9c31-0bc55b21c05a","5th Ohio","Robert Latta","2467 Rayburn House Office Building, Washington, DC 20515","R"
,"7df907f9-94d8-4669-9a07-51705c4fab38",2024-07-25T03:54:16Z,2024-07-25T10:41:23Z,"de2c62ae-b8b2-4d0b-9c31-0bc55b21c05a","2nd Iowa","Ashley Hinson","1717 Longworth House Office Building, Washington, DC 20515","R"
,"7e053815-cb14-41da-917c-84f778c8ffd4",2024-07-25T03:54:16Z,2024-07-25T10:44:53Z,"de2c62ae-b8b2-4d0b-9c31-0bc55b21c05a","2nd Hawaii","Jill Tokuda","1005 Longworth House Office Building, Washington, DC 20515","D"
,"7f69a9f9-28c9-46d6-8b92-61b4793c8c35",2024-07-25T03:54:18Z,2024-07-25T09:07:42Z,"de2c62ae-b8b2-4d0b-9c31-0bc55b21c05a","1st Rhode Island","Amo Gabe","2233 Rayburn House Office Building, Washington, DC 20515","D"
,"80e59f64-2542-433d-9ea1-63b22f86ee4b",2024-07-25T03:54:17Z,2024-07-25T10:39:20Z,"de2c62ae-b8b2-4d0b-9c31-0bc55b21c05a","1st Mississippi","Trent Kelly","2243 Rayburn House Office Building, Washington, DC 20515","R"
,"81a8bf70-1d2c-49be-a51e-1e61a726336a",2024-07-25T03:54:17Z,2024-07-25T10:38:29Z,"de2c62ae-b8b2-4d0b-9c31-0bc55b21c05a","5th Michigan","Tim Walberg","2266 Rayburn House Office Building, Washington, DC 20515","R"
,"8202c582-8288-446a-ac66-999ee185805f",2024-07-25T03:54:17Z,2024-07-25T10:40:06Z,"de2c62ae-b8b2-4d0b-9c31-0bc55b21c05a","3rd Nebraska","Adrian Smith","502 Cannon House Office Building, Washington, DC 20515","R"
,"834ec273-ec60-4c60-9d05-c4c04b8dbee0",2024-07-25T03:54:16Z,2024-07-25T10:41:06Z,"de2c62ae-b8b2-4d0b-9c31-0bc55b21c05a","6th Indiana","Greg Pence","404 Cannon House Office Building, Washington, DC 20515","R"
,"837d16fa-0486-4904-a39f-f2081c9b09b3",2024-07-25T03:54:16Z,2024-07-25T10:41:41Z,"de2c62ae-b8b2-4d0b-9c31-0bc55b21c05a","4th Kansas","Ron Estes","2234 Rayburn House Office Building, Washington, DC 20515","R"
,"84bea32f-9571-4944-868d-35c72cc3812d",2024-07-25T03:54:16Z,2024-07-25T10:46:17Z,"de2c62ae-b8b2-4d0b-9c31-0bc55b21c05a","36th California","Ted Lieu","2454 Rayburn House Office Building, Washington, DC 20515","D"
,"85c16e20-9cb9-4464-a27a-c49367a847cd",2024-07-25T03:54:16Z,2024-07-25T10:41:38Z,"de2c62ae-b8b2-4d0b-9c31-0bc55b21c05a","3rd Kansas","Sharice Davids","2435 Rayburn House Office Building, Washington, DC 20515","D"
,"85e6d5e5-4e89-46b5-b095-5333c176c2e5",2024-07-25T03:54:17Z,2024-07-25T10:40:19Z,"de2c62ae-b8b2-4d0b-9c31-0bc55b21c05a","4th Nevada","Steven Horsford","406 Cannon House Office Building, Washington, DC 20515","D"
,"85f09738-2d6d-4c3f-b811-2bd28a910dba",2024-07-25T03:54:18Z,2024-07-25T10:37:39Z,"de2c62ae-b8b2-4d0b-9c31-0bc55b21c05a","6th North Carolina","Kathy Manning","307 Cannon House Office Building, Washington, DC 20515","D"
,"85fda58d-c34a-46ed-92e6-239d1c0fb61b",2024-07-25T03:54:18Z,2024-07-25T09:04:25Z,"de2c62ae-b8b2-4d0b-9c31-0bc55b21c05a","5th Oregon","Lori Chavez-DeRemer","1722 Longworth House Office Building, Washington, DC 20515 ","R"
,"869ad993-c61b-4bad-b76b-1f6e185b5d46",2024-07-25T03:54:19Z,2024-07-25T07:17:06Z,"de2c62ae-b8b2-4d0b-9c31-0bc55b21c05a","2nd Virginia","Jennifer Kiggans","1037 Longworth. House Office Building, Washington, DC 20515","D"
,"86a6500c-e585-462b-a069-ad80f603385a",2024-07-25T03:54:16Z,2024-07-25T10:48:14Z,"de2c62ae-b8b2-4d0b-9c31-0bc55b21c05a","6th Florida","Michael Waltz","244 Cannon House Office Building, Washington, DC 20515","R"
,"8740175b-77e7-4423-b9ff-dc61caf03022",2024-07-25T03:54:16Z,2024-07-25T10:41:02Z,"de2c62ae-b8b2-4d0b-9c31-0bc55b21c05a","5th Indiana","Victoria Spartz","1609 Longworth House Office Building, Washington, DC 20515","R"
,"8811cddb-52cf-43e4-a548-5f0620bd782d",2024-07-25T03:54:17Z,2024-07-25T10:40:08Z,"de2c62ae-b8b2-4d0b-9c31-0bc55b21c05a","1st Nevada","Dina Titus","2464 Rayburn House Office Building, Washington, DC 20515","D"
,"88da3c7d-5aa5-4404-8344-41021b6bd193",2024-07-25T03:54:16Z,2024-07-25T10:47:57Z,"de2c62ae-b8b2-4d0b-9c31-0bc55b21c05a","2nd Florida","Neal Dunn","466 Cannon House Office Building, Washington, DC 20515","R"
,"896a4fbd-9d71-415c-8c2d-f9fb87a1a4f1",2024-07-25T03:54:16Z,2024-07-25T10:43:51Z,"de2c62ae-b8b2-4d0b-9c31-0bc55b21c05a","24th Florida","Frederica Wilson","2080 Rayburn House Office Building, Washington, DC 20515","D"
,"8a3744b5-7120-4177-ae82-1c22653e569b",2024-07-25T03:54:15Z,2024-07-25T09:23:18Z,"de2c62ae-b8b2-4d0b-9c31-0bc55b21c05a","10th California","Mark DeSaulnier","503 Cannon House Office Building, Washington, DC 20515","D"
,"8a4b04b0-88a2-456b-bbc1-3bcc23684cea",2024-07-25T03:54:16Z,2024-07-25T10:42:55Z,"de2c62ae-b8b2-4d0b-9c31-0bc55b21c05a","3rd Massachusetts","Lori Trahan","2439 Rayburn House Office Building, Washington, DC 20515","D"
,"8b97679a-9e52-4c4a-bbcb-8d7d04bcb5ce",2024-07-25T03:54:16Z,2024-07-25T10:46:09Z,"de2c62ae-b8b2-4d0b-9c31-0bc55b21c05a","33rd California","Pete Aguilar","108 Cannon House Office Building, Washington, DC 20515","D"
,"8bd78a16-e8ab-493c-ab3e-8dba6e7a8ade",2024-07-25T03:54:18Z,2024-07-25T09:08:50Z,"de2c62ae-b8b2-4d0b-9c31-0bc55b21c05a","11th New Jersey","Mikie Sherrill","1427 Longworth House Office Building, Washington, DC 20515","D"
,"8c352816-fab0-4b83-b903-88d085653fab",2024-07-25T03:54:18Z,2024-07-25T09:10:41Z,"de2c62ae-b8b2-4d0b-9c31-0bc55b21c05a","10th New York","Daniel Goldman","245 Cannon House Office Building, Washington, DC 20515","D"
,"8d2a1b2a-bc42-4614-9a30-f16357ba6e49",2024-07-25T03:54:19Z,2024-07-25T08:50:37Z,"de2c62ae-b8b2-4d0b-9c31-0bc55b21c05a","21st Texas","Chip Roy","103 Cannon House Office Building, Washington, DC 20515","R"
,"8df71743-2cfc-43c2-a14d-4e4bf6ec101f",2024-07-25T03:54:16Z,2024-07-25T10:43:29Z,"de2c62ae-b8b2-4d0b-9c31-0bc55b21c05a","17th Florida","Greg Steube","2457 Rayburn House Office Building, Washington, DC 20515","R"
,"8e9113b6-09fb-47b6-96aa-25e6e428b649",2024-07-25T03:54:16Z,2024-07-25T10:41:52Z,"de2c62ae-b8b2-4d0b-9c31-0bc55b21c05a","4th Kentucky","Thomas Massie","2453 Rayburn House Office Building, Washington, DC 20515","R"
,"8e91a7ff-05dd-427d-bf30-af24a52b9831",2024-07-25T03:54:18Z,2024-07-25T10:37:07Z,"de2c62ae-b8b2-4d0b-9c31-0bc55b21c05a","24th New York","Claudia Tenney","2249 Rayburn House Office Building, Washington, DC 20515","R"
,"8e99641f-d490-4951-b109-3ce22e2dc157",2024-07-25T03:54:18Z,2024-07-25T09:01:03Z,"de2c62ae-b8b2-4d0b-9c31-0bc55b21c05a","4th Ohio","Jim Jordan","2056 Rayburn House Office Building, Washington, DC 20515","R"
,"8eab477b-39f1-4951-9efb-0920bc65724b",2024-07-25T03:54:18Z,2024-07-25T09:11:00Z,"de2c62ae-b8b2-4d0b-9c31-0bc55b21c05a","13th New York","Adriano Espaillat","2332 Rayburn House Office Building, Washington, DC 20515","D"
,"8ee47cb5-2c81-4681-b4d4-cbc5ca6ec599",2024-07-25T03:54:17Z,2024-07-25T10:38:26Z,"de2c62ae-b8b2-4d0b-9c31-0bc55b21c05a","4th Michigan","Bill Huizenga","2232 Rayburn House Office Building, Washington, DC 20515","R"
,"8f2f6ea2-d95d-4a96-a382-6d5a29855029",2024-07-25T03:54:18Z,2024-07-25T09:08:18Z,"de2c62ae-b8b2-4d0b-9c31-0bc55b21c05a","7th New Jersey","Thomas Kean","251 Cannon House Office Building, Washington, DC 20515","R"
,"8f6612a8-3217-437e-854c-615eaa8f7d2a",2024-07-25T03:54:18Z,2024-07-25T09:07:16Z,"de2c62ae-b8b2-4d0b-9c31-0bc55b21c05a","16th Pennsylvania","Mike Kelly","1707 Longworth House Building, Washington, DC 20515","R"
,"8f77dc3f-e030-4dfb-a9ea-51b327c36cec",2024-07-25T03:54:17Z,2024-07-25T10:40:03Z,"de2c62ae-b8b2-4d0b-9c31-0bc55b21c05a","2nd Nebraska","Don Bacon","2104 Rayburn House Office Building, Washington, DC 20515","R"
,"90400443-09ff-4e73-ad0d-a6be3367b5bd",2024-07-25T03:54:19Z,2024-07-25T07:17:06Z,"de2c62ae-b8b2-4d0b-9c31-0bc55b21c05a","11th Virginia","Gerry Connolly","2265 Rayburn House Office Building, Washington, DC 20515","D"
,"907888c6-d761-4426-89ef-ab77f0ce97e0",2024-07-25T03:54:18Z,2024-07-25T09:03:49Z,"de2c62ae-b8b2-4d0b-9c31-0bc55b21c05a","1st Oregon","Suzanne Bonamici","2231 Rayburn House Office Building, Washington, DC 20515","D"
,"914d9f50-80fa-47cc-910d-db05e6ffe4cd",2024-07-25T03:54:18Z,2024-07-25T09:01:33Z,"de2c62ae-b8b2-4d0b-9c31-0bc55b21c05a","7th Ohio","Max Miller","143 Cannon House Office Building, Washington, DC 20515","R"
,"91e058ca-826c-49fc-869a-2f7c7ced46b1",2024-07-25T03:54:17Z,2024-07-25T10:38:31Z,"de2c62ae-b8b2-4d0b-9c31-0bc55b21c05a","6th Michigan","Debbie Dingle","102 Cannon House Office Building, Washington, DC 20515","D"
,"91ef6e82-4eda-4464-8a1d-b8baef5911ef",2024-07-25T03:54:15Z,2024-07-25T09:48:58Z,"de2c62ae-b8b2-4d0b-9c31-0bc55b21c05a","3rd Arizona","Ruben Gallego","1114 Longworth House Office Building, Washington, DC 20515","D"
,"926da937-9410-4970-9543-546f2f7426c0",2024-07-25T03:54:18Z,2024-07-25T10:36:53Z,"de2c62ae-b8b2-4d0b-9c31-0bc55b21c05a","21st New York","Elise Stefanik","2211 Rayburn House Office Building, Washington, DC 20515","R"
,"92de60bb-740c-415b-a343-b4efd3fd385a",2024-07-25T03:54:18Z,2024-07-25T09:01:48Z,"de2c62ae-b8b2-4d0b-9c31-0bc55b21c05a","9th Ohio","Marcy Kaptur","2186 Rayburn House Office Building, Washington, DC 20515","D"
,"93b13199-2706-4d93-a80f-6b4e6a9dc8cc",2024-07-25T03:54:16Z,2024-07-25T10:41:46Z,"de2c62ae-b8b2-4d0b-9c31-0bc55b21c05a","2nd Kentucky","Brett Guthrie","2434 Rayburn House Office Building, Washington, DC 20515","R"
,"940013a9-ab76-41ff-b32e-14c8c1c43d92",2024-07-25T03:54:19Z,2024-07-25T07:17:06Z,"de2c62ae-b8b2-4d0b-9c31-0bc55b21c05a","2nd West Virginia","Alex Mooney","2228 Rayburn House Office Building, Washington, DC 20515","R"
,"942128af-6299-47de-8abe-76ea3aeadd70",2024-07-25T03:54:16Z,2024-07-25T10:47:14Z,"de2c62ae-b8b2-4d0b-9c31-0bc55b21c05a","2nd Colorado","Joe Neguse","2400 Rayburn House Office Building, Washington, DC 20515","D"
,"947f0f5f-e785-4989-9d14-0b3c25fa300e",2024-07-25T03:54:17Z,2024-07-25T10:40:26Z,"de2c62ae-b8b2-4d0b-9c31-0bc55b21c05a","2nd New Hampshire","Annie Kuster","201 Rayburn House Office Building, Washington, DC 20515","D"
,"94a84812-6a28-4296-a3af-3cbb7830a04e",2024-07-25T03:54:16Z,2024-07-25T10:41:26Z,"de2c62ae-b8b2-4d0b-9c31-0bc55b21c05a","3rd Iowa","Zachary Nunn","1232 Longworth House Office Building, Washington, DC 20515","R"
,"95212e00-de4f-4fa9-94d9-c3be0018faa7",2024-07-25T03:54:16Z,2024-07-25T10:47:35Z,"de2c62ae-b8b2-4d0b-9c31-0bc55b21c05a","1st Connecticut","John B. Larson","1501 Longworth House Office Building, Washington, DC 20515","D"
,"964ba787-d653-4b14-82d4-32719da1f9f6",2024-07-25T03:54:16Z,2024-07-25T10:43:55Z,"de2c62ae-b8b2-4d0b-9c31-0bc55b21c05a","25th Florida","Debbie Wasserman-Schultz","270 Canon House Office Building, Washington, DC 20515","D"
,"96b6182d-b3d2-45b7-84a0-1a2af4ca8bb1",2024-07-25T03:54:18Z,2024-07-25T09:06:54Z,"de2c62ae-b8b2-4d0b-9c31-0bc55b21c05a","13th Pennsylvania","John Joyce","1337 Longworth House Office Building, Washington, DC 20515","R"
,"96f37062-7462-4bf6-9aab-5f615ebd0082",2024-07-25T03:54:15Z,2024-07-25T10:33:27Z,"de2c62ae-b8b2-4d0b-9c31-0bc55b21c05a","1st Alaska","Mary Peltola","153 Cannon House Office Building, Washington, DC 20515","D"
,"97c16316-7bbf-474a-b379-6fcf38bd1601",2024-07-25T03:54:16Z,2024-07-25T10:43:05Z,"de2c62ae-b8b2-4d0b-9c31-0bc55b21c05a","7th Massachusetts","Ayanna Pressley","402 Cannon House Office Building, Washington, DC 20515","D"
,"97f47699-4ea3-4a2e-a392-c45f9555778b",2024-07-25T03:54:19Z,2024-07-25T07:17:06Z,"de2c62ae-b8b2-4d0b-9c31-0bc55b21c05a","7th South Carolina","Russell Fry","1426 Longworth House Office Building, Washington, DC 20515","R"
,"98a7a02c-c91a-4637-af33-6c8e6c6d84c6",2024-07-25T03:54:18Z,2024-07-25T10:37:03Z,"de2c62ae-b8b2-4d0b-9c31-0bc55b21c05a","23rd New York","Nicholas Langworthy","1630 Longworth Housr Office Building, Washington, DC 20515","R"
,"99ee3a41-e7df-4ecb-8a73-acbfd8b0fdf2",2024-07-25T03:54:16Z,2024-07-25T10:45:06Z,"de2c62ae-b8b2-4d0b-9c31-0bc55b21c05a","1st Illinois","Jonathan Jackson","1641 Longhouse off this building, Washington, DC 20515","D"
,"9a54f3c3-c46f-4d77-84e3-21ece49ce035",2024-07-25T03:54:15Z,2024-07-25T09:22:47Z,"de2c62ae-b8b2-4d0b-9c31-0bc55b21c05a","16th California","Anna Eshoo","272 Cannon House Office Building, Washington, DC 20515","D"
,"9ae75ce3-db33-48f6-b769-9479bd901849",2024-07-25T03:54:16Z,2024-07-25T10:40:57Z,"de2c62ae-b8b2-4d0b-9c31-0bc55b21c05a","3rd Indiana","Jim Banks","2418 Rayburn House Office Building, Washington, DC 20515","R"
,"9af45fa5-a8d4-4fc4-a1ec-31079d485c42",2024-07-25T03:54:16Z,2024-07-25T10:48:03Z,"de2c62ae-b8b2-4d0b-9c31-0bc55b21c05a","4th Florida","Aaron Bean","1233 Longworth House Office Building, Washington, DC 20515","R"
,"9b8619de-0f88-494a-adbd-8008183cc520",2024-07-25T03:54:19Z,2024-07-25T07:17:06Z,"de2c62ae-b8b2-4d0b-9c31-0bc55b21c05a","1st  Wisconsin","Bryan Steil","1526 Longworth House Office Building, Washington, DC 20515","R"
,"9cd32600-96f6-4216-8d10-d1dd1ee55348",2024-07-25T03:54:19Z,2024-07-25T08:50:19Z,"de2c62ae-b8b2-4d0b-9c31-0bc55b21c05a","19th Texas","Jodey Arrington","1107 Longworth House Office Building, Washington, DC 20515","R"
,"9e16c99c-6683-4b34-ba72-b7235222cd0f",2024-07-25T03:54:18Z,2024-07-25T10:37:56Z,"de2c62ae-b8b2-4d0b-9c31-0bc55b21c05a","10th North Carolina","Patrick McHenry","2134 Rayburn House Office Building, Washington, DC 20515","R"
,"9e9dfd42-10f9-4e7f-8f87-284e1e0f2536",2024-07-25T03:54:15Z,2024-07-25T09:22:12Z,"de2c62ae-b8b2-4d0b-9c31-0bc55b21c05a","23rd California","Jay Obernolte","1029 Longworth House Office Building, Washington, DC 20515","R"
,"9f579337-d6a1-465c-b955-8f6b87abff55",2024-07-25T03:54:16Z,2024-07-25T10:47:12Z,"de2c62ae-b8b2-4d0b-9c31-0bc55b21c05a","1st Colorado","Diana DeGette","2111 Rayburn House Office Building, Washington, DC 20515","D"
,"9f7f6497-602a-4d71-8ea7-ad2737835920",2024-07-25T03:54:19Z,2024-07-25T07:17:06Z,"de2c62ae-b8b2-4d0b-9c31-0bc55b21c05a","3rd Utah","John Curtis","2323 Rayburn House Office Building, Washington, DC 20515","R"
,"9fe2d5df-3e80-4ba2-b8da-c6f7e4b2abcc",2024-07-25T03:54:16Z,2024-07-25T10:45:19Z,"de2c62ae-b8b2-4d0b-9c31-0bc55b21c05a","5th Illinois","Mike Quigley","2083 Rayburn House Office Building, Washington, DC 20515","D"
,"a00ec8f9-4edf-4230-b673-9e1c2dbec4b1",2024-07-25T03:54:16Z,2024-07-25T10:43:39Z,"de2c62ae-b8b2-4d0b-9c31-0bc55b21c05a","20th Florida","Shelia McCormick-Cherfilus","242 Cannon House Office Building, Washington, DC 20515","R"
,"a01ba922-e9f0-4aea-8049-3b836c883da4",2024-07-25T03:54:18Z,2024-07-25T09:09:29Z,"de2c62ae-b8b2-4d0b-9c31-0bc55b21c05a","1st New York","Nick LaLota","1530 Longworth House Office Building, Washington, DC 20515","R"
,"a0208df8-0628-4a9e-86ed-0a92250a1829",2024-07-25T03:54:16Z,2024-07-25T10:47:51Z,"de2c62ae-b8b2-4d0b-9c31-0bc55b21c05a","District of Columbia","Eleanor Holmes Norton","2136 Rayburn House Office Building, Washington, DC 20515","D"
,"a04f53d5-b347-41af-b4c9-ae1ca5a7cd0d",2024-07-25T03:54:16Z,2024-07-25T10:44:34Z,"de2c62ae-b8b2-4d0b-9c31-0bc55b21c05a","10th Georgia","Mike Collins","1223 Longworth House Office Building, Washington, DC 20515","R"
,"a071edab-b47f-4e3a-b571-f56db65ae6a6",2024-07-25T03:54:16Z,2024-07-25T10:41:14Z,"de2c62ae-b8b2-4d0b-9c31-0bc55b21c05a","9th Indiana","Eric Houchin","1632 Longworth House Office Building, Washington, DC 20515","R"
,"a0a4fd81-da10-49c5-8228-80b7fd4037e2",2024-07-25T03:54:16Z,2024-07-25T10:43:16Z,"de2c62ae-b8b2-4d0b-9c31-0bc55b21c05a","13th Florida","Anna Paulina Luna","1017 Longworth House Office Building, Washington, DC 20515","R"
,"a1d96dde-7f41-48f3-abcf-c342d017ffd1",2024-07-25T03:54:18Z,2024-07-25T09:08:43Z,"de2c62ae-b8b2-4d0b-9c31-0bc55b21c05a","10th New Jersey","Donald Payne Jr.","106 Cannon House Office Building, Washington, DC 20515","D"
,"a200fa05-10d3-4f65-8165-1a225982d63b",2024-07-25T03:54:15Z,2024-07-25T09:22:24Z,"de2c62ae-b8b2-4d0b-9c31-0bc55b21c05a","21st California","Jim Costa","2081 Rayburn House Office Building, Washington, DC 20515","D"
,"a2354a24-3212-465c-b968-3d1e27633fcd",2024-07-25T03:54:18Z,2024-07-25T10:37:10Z,"de2c62ae-b8b2-4d0b-9c31-0bc55b21c05a","25th New York","Joseph Morelle","570 Canon House Office Building, Washington, DC 20515","D"
,"a2476945-1410-41b3-9198-cef352f07675",2024-07-25T03:54:16Z,2024-07-25T10:47:22Z,"de2c62ae-b8b2-4d0b-9c31-0bc55b21c05a","5th Colorado","Doug Lamborn","2371 Rayburn House Office Building, Washington, DC 20515","R"
,"a329755b-d941-4e3a-93be-0653308dc5a2",2024-07-25T03:54:18Z,2024-07-25T09:02:46Z,"de2c62ae-b8b2-4d0b-9c31-0bc55b21c05a","14th Ohio","David Joyce","2065 Rayburn House Office Building, Washington, DC 20515","R"
,"a3e90715-ede6-40b9-959a-12280937cbdb",2024-07-25T03:54:16Z,2024-07-25T10:46:06Z,"de2c62ae-b8b2-4d0b-9c31-0bc55b21c05a","32nd California","Brad Sherman","2365 Rayburn House Office Building, Washington, DC 20515","D"
,"a41f7b2f-9dbb-4691-94dc-70e82bc22034",2024-07-25T03:54:16Z,2024-07-25T10:42:50Z,"de2c62ae-b8b2-4d0b-9c31-0bc55b21c05a","2nd Massachusetts","Jim McGovern","370 Cannon House Office Building, Washington, DC 20515","D"
,"a45c2dad-a8a3-401a-a0ab-b52ce5420588",2024-07-25T03:54:16Z,2024-07-25T03:54:16Z,"de2c62ae-b8b2-4d0b-9c31-0bc55b21c05a","11th Florida","Daniel Webster.","2184 Rayburn House Office Building, Washington, DC 20515",
,"a480b162-90d4-483b-9fff-ce598b11367f",2024-07-25T03:54:16Z,2024-07-25T10:42:58Z,"de2c62ae-b8b2-4d0b-9c31-0bc55b21c05a","4th Massachusetts","Jake Auchincloss","1524 Longworth House Office Building, Washington, DC 20515","D"
,"a59e7477-6a78-4de7-a4a6-d2e9c7fc6b07",2024-07-25T03:54:16Z,2024-07-25T10:43:27Z,"de2c62ae-b8b2-4d0b-9c31-0bc55b21c05a","16th Florida","Vern Buchanan","2110 Rayburn House Office Building, Washington, DC 20515","R"
,"a5ce399e-f5c4-4c6f-9392-1bc6bb591097",2024-07-25T03:54:19Z,2024-07-25T07:17:06Z,"de2c62ae-b8b2-4d0b-9c31-0bc55b21c05a","5th Washington","Cathy McMorris Rodgers","2188 Rayburn House Office Building, Washington, DC 20515","R"
,"a635b9fd-71d5-4087-ab0d-dd11dc65e7a6",2024-07-25T03:54:19Z,2024-07-25T07:17:06Z,"de2c62ae-b8b2-4d0b-9c31-0bc55b21c05a","1st Tennessee","Diana Harshbarger","167 Cannon House Office Building,  Washington, DC 20515","R"
,"a6d3dab1-9912-4990-823e-2cd541994adc",2024-07-25T03:54:18Z,2024-07-25T09:06:28Z,"de2c62ae-b8b2-4d0b-9c31-0bc55b21c05a","10th Pennsylvania","Scott Perry","2160 Rayburn House Office Building, Washington, DC 20515","R"
,"a74b3882-1abb-4f59-80cf-374a57fba037",2024-07-25T03:54:18Z,2024-07-25T09:00:55Z,"de2c62ae-b8b2-4d0b-9c31-0bc55b21c05a","3rd Ohio","Joyce Beatty","2079 Rayburn House Office Building, Washington, DC 20515","D"
,"a970b1c7-845a-413e-8f1d-34ef15099495",2024-07-25T03:54:18Z,2024-07-25T09:05:56Z,"de2c62ae-b8b2-4d0b-9c31-0bc55b21c05a","6th Pennsylvania","Chrissy Houlahan","1727 Longworth House Office Building, Washington, DC 20515","D"
,"aa65deb8-5951-476c-911e-c4568dfdfe79",2024-07-25T03:54:16Z,2024-07-25T10:43:42Z,"de2c62ae-b8b2-4d0b-9c31-0bc55b21c05a","21st Florida","Brian Mast","2182 Rayburn House Office Building, Washington, DC 20515","R"
,"abc56213-9226-47ee-a461-58b0ec67c777",2024-07-25T03:54:16Z,2024-07-25T10:41:36Z,"de2c62ae-b8b2-4d0b-9c31-0bc55b21c05a","2nd Kansas","Jake LaTurner","2441 Rayburn House Office Building, Washington, DC 20515","R"
,"abe804d3-565e-4b3b-9305-58cbd695a74b",2024-07-25T03:54:16Z,2024-07-25T10:48:26Z,"de2c62ae-b8b2-4d0b-9c31-0bc55b21c05a","7th Florida","Cory Mills","1237 Longworth House Office Building, Washington, DC 20515","R"
,"abec8b74-c9b4-454e-90a9-e7939d035a01",2024-07-25T03:54:18Z,2024-07-25T10:37:14Z,"de2c62ae-b8b2-4d0b-9c31-0bc55b21c05a","26th New York","Timothy Kennedy","2269 Rayburn House Office Building, Washington, DC 20515","D"
,"adf31b68-f8aa-405c-9e96-4c3f30de957b",2024-07-25T03:54:16Z,2024-07-25T10:42:05Z,"de2c62ae-b8b2-4d0b-9c31-0bc55b21c05a","2nd Louisiana","Troy Carter","442 Cannon House Office Building, Washington, DC 20515","D"
,"ae6ebcc3-5af5-4335-8f2d-c45127f6f6d3",2024-07-25T03:54:19Z,2024-07-25T07:17:06Z,"de2c62ae-b8b2-4d0b-9c31-0bc55b21c05a","7th Virginia","Abigail Spanberger","562 Cannon House Office Building, Washington, DC 20515","D"
,"aea4cbf9-15f6-4055-8bc6-35b44bb22bb6",2024-07-25T03:54:19Z,2024-07-25T07:17:06Z,"de2c62ae-b8b2-4d0b-9c31-0bc55b21c05a","7th Washington","Pramila Jayapal","2346 Rayburn House Office Building, Washington, DC 20515","D"
,"b094f806-572b-4192-a222-1005fd021037",2024-07-25T03:54:19Z,2024-07-25T08:52:27Z,"de2c62ae-b8b2-4d0b-9c31-0bc55b21c05a","32nd Texas","Colin Allred","348 Cannon House Office Building,  Washington, DC 20515","D"
,"b1d2cf7c-a324-444f-83d7-db02697cb431",2024-07-25T03:54:17Z,2024-07-25T10:38:47Z,"de2c62ae-b8b2-4d0b-9c31-0bc55b21c05a","11th Michigan","Haley Stevens","2411 Rayburn House Office Building, Washington, DC 20515","D"
,"b1d7c4d2-e479-49b1-80fc-4c5f483ad5a4",2024-07-25T03:54:16Z,2024-07-25T10:42:31Z,"de2c62ae-b8b2-4d0b-9c31-0bc55b21c05a","3rd Maryland","John Sarbanes","2370 Rayburn House Office Building, Washington, DC 20515","D"
,"b2c5658b-8804-4def-8e3f-3586cafe44ff",2024-07-25T03:54:17Z,2024-07-25T10:38:54Z,"de2c62ae-b8b2-4d0b-9c31-0bc55b21c05a","1st Minnesota","Brad Finstad","1605 Longworth House Office Building, Washington, DC 20515","R"
,"b49d0b71-598a-443c-9583-676432aa3b98",2024-07-25T03:54:19Z,2024-07-25T08:49:35Z,"de2c62ae-b8b2-4d0b-9c31-0bc55b21c05a","13th Texas","Ronny Jackson","446 Cannon House Office Building, Washington, DC 20515","R"
,"b4bc4400-2327-4c9c-8eb4-a22997af1ce4",2024-07-25T03:54:15Z,2024-07-25T09:48:22Z,"de2c62ae-b8b2-4d0b-9c31-0bc55b21c05a","3rd Arkansas","Steve Womack","2412 Rayburn House Office Building, Washington, DC 20515","R"
,"b608dc28-248d-4efd-bc80-d800d6635a61",2024-07-25T03:54:18Z,2024-07-25T09:08:33Z,"de2c62ae-b8b2-4d0b-9c31-0bc55b21c05a","9th New Jersey","Bill Pascrell","2409 Rayburn House Office Building, Washington, DC 20515","D"
,"b69cdc33-ece6-411c-be4d-43bc882c1879",2024-07-25T03:54:16Z,2024-07-25T10:47:30Z,"de2c62ae-b8b2-4d0b-9c31-0bc55b21c05a","7th Colorado","Brittany Pettersen","1230 Longworth House Office Building, Washington, DC 20515","D"
,"b72f139e-3f35-414b-a40c-84f00dd3cc3b",2024-07-25T03:54:15Z,2024-07-25T10:33:45Z,"de2c62ae-b8b2-4d0b-9c31-0bc55b21c05a","5th Alabama","Dale Strong","1337 Longworth House Office Building, Washington, DC 20515","R"
,"b7ec3b36-3685-4206-8bf2-d64b32e3bc92",2024-07-25T03:54:16Z,2024-07-25T10:44:47Z,"de2c62ae-b8b2-4d0b-9c31-0bc55b21c05a","Guam","James Moylan","1628 Longworth House Office Building, Washington, DC 20515","R"
,"b7f52889-fac6-40fb-b0c7-30c09a704458",2024-07-25T03:54:19Z,2024-07-25T07:17:06Z,"de2c62ae-b8b2-4d0b-9c31-0bc55b21c05a","1st West Virginia","Carol Miller","465 Cannon House Office Building, Washington, DC 20515","R"
,"b965602f-6a58-443f-a876-ab3201eb0492",2024-07-25T03:54:16Z,2024-07-25T10:44:45Z,"de2c62ae-b8b2-4d0b-9c31-0bc55b21c05a","14th Georgia","Marjorie Taylor-Greene"," 403 Cannon House Office Building, Washington, DC 20515","R"
,"b974fe40-f3b3-4f23-bd22-74ffb7846c01",2024-07-25T03:54:19Z,2024-07-25T07:17:06Z,"de2c62ae-b8b2-4d0b-9c31-0bc55b21c05a","7th Wisconsin","Tom Tiffany","451 Cannon House Office Building, Washington, DC 20515","R"
,"ba5da52b-9571-4d44-bd3a-9b3165cc539b",2024-07-25T03:54:19Z,2024-07-25T08:48:38Z,"de2c62ae-b8b2-4d0b-9c31-0bc55b21c05a","6th Texas","Jake Ellzy","1721 Longworth House Office Building,  Washington, DC 20515","R"
,"bac15c33-c619-4d3e-9fed-fdccb301e2f3",2024-07-25T03:54:16Z,2024-07-25T10:42:34Z,"de2c62ae-b8b2-4d0b-9c31-0bc55b21c05a","4th Maryland","Glenn Ivy","1529 Longworth House Office Building, Washington, DC 20515","D"
,"bb996f34-8f13-4d71-96dd-f5dd47b74172",2024-07-25T03:54:18Z,2024-07-25T10:38:05Z,"de2c62ae-b8b2-4d0b-9c31-0bc55b21c05a","13th North Carolina","Wylie Nickel","1133 Longworth House Office Building, Washington, DC 20515","D"
,"bb9d89a7-9b91-4ab9-835f-ea26e476a8e6",2024-07-25T03:54:18Z,2024-07-25T09:05:48Z,"de2c62ae-b8b2-4d0b-9c31-0bc55b21c05a","5th Pennsylvania","Mary Gay Scanlon","1227 Longworth House Office Building, Washington, DC 20515","D"
,"bc341c26-e421-45c4-9555-26583bd48924",2024-07-25T03:54:15Z,2024-07-25T09:47:59Z,"de2c62ae-b8b2-4d0b-9c31-0bc55b21c05a","3rd California","Kevin Kiley","1032 Longworth House Office Building, Washington, DC 20515","R"
,"bc4c3b7e-ea14-42b6-8012-887a46005740",2024-07-25T03:54:16Z,2024-07-25T10:41:55Z,"de2c62ae-b8b2-4d0b-9c31-0bc55b21c05a","5th Kentucky","Harold Rogers","2406 Rayburn House Office Building, Washington, DC 20515","R"
,"bd0c74d2-feac-40e3-9ed3-c2cbe68b4eab",2024-07-25T03:54:17Z,2024-07-25T10:39:14Z,"de2c62ae-b8b2-4d0b-9c31-0bc55b21c05a","7th Minnesota","Michelle Fischbach","1004 Longworth House Office Building, Washington, DC 20515","R"
,"bdddb135-3e30-4186-97ae-0a0726821348",2024-07-25T03:54:19Z,2024-07-25T08:49:41Z,"de2c62ae-b8b2-4d0b-9c31-0bc55b21c05a","14th Texas","Randy Weber","107 Cannon House Office Building, Washington, DC 20515","R"
,"bea819af-1700-4c0b-88ce-3fbf17a52e97",2024-07-25T03:54:16Z,2024-07-25T10:47:48Z,"de2c62ae-b8b2-4d0b-9c31-0bc55b21c05a","1st Delaware","Lisa Blunt Rochester","1724 Longworth House Office Building, Washington, DC 20515","D"
,"bef77f86-1f8f-46bb-854b-ce9e176a4cb5",2024-07-25T03:54:19Z,2024-07-25T07:17:06Z,"de2c62ae-b8b2-4d0b-9c31-0bc55b21c05a","6th Washington","Derek Kilmer","1226 Longworth House Office Building, Washington, DC 20515","D"
,"bf6f33b7-7fa5-4b92-893c-1845a8b73fcb",2024-07-25T03:54:18Z,2024-07-25T10:38:09Z,"de2c62ae-b8b2-4d0b-9c31-0bc55b21c05a","14th North Carolina","Jeff Jackson","1318 Longworth House Office Building, Washington, DC 20515","D"
,"c136a52a-7675-4716-b67c-fe7d13222827",2024-07-25T03:54:16Z,2024-07-25T10:42:24Z,"de2c62ae-b8b2-4d0b-9c31-0bc55b21c05a","1st Maryland","Andy Harris","1536 Longworth House Office Building, Washington, DC 20515","R"
,"c16ae3e1-b817-4536-ae9e-eeaec8ffb63d",2024-07-25T03:54:18Z,2024-07-25T09:00:38Z,"de2c62ae-b8b2-4d0b-9c31-0bc55b21c05a","2nd Ohio","Brad Wenstrup","2335 Rayburn House Office Building, Washington, DC 20515","R"
,"c1f58553-91de-44b2-a2d6-9686fa0b45c1",2024-07-25T03:54:15Z,2024-07-25T09:48:55Z,"de2c62ae-b8b2-4d0b-9c31-0bc55b21c05a","4th Arizona","Greg Stanton","207 Cannon House Office Building, Washington, DC 20515","D"
,"c22f5f0d-9a86-48f9-9b79-efc0ba9ddea1",2024-07-25T03:54:18Z,2024-07-25T09:03:23Z,"de2c62ae-b8b2-4d0b-9c31-0bc55b21c05a","3rd Oklahoma","Frank Lucas","2405 Rayburn House Office Building, Washington, DC 20515","R"
,"c24f7bb2-989f-4248-9d28-e9ee6ac2156e",2024-07-25T03:54:19Z,2024-07-25T08:50:12Z,"de2c62ae-b8b2-4d0b-9c31-0bc55b21c05a","18th Texas","Sheila Jackson Lee","2314 Rayburn House Office Building, Washington, DC 20515","D"
,"c26b4f63-1eb9-493b-b1bf-eaaaa616c4e4",2024-07-25T03:54:17Z,2024-07-25T10:38:23Z,"de2c62ae-b8b2-4d0b-9c31-0bc55b21c05a","3rd Michigan","Hillary Scholten","1317 Longworth House Office Building, Washington, DC 20515","D"
,"c36c8cad-e889-465a-a7f1-9e42873ec534",2024-07-25T03:54:19Z,2024-07-25T07:17:06Z,"de2c62ae-b8b2-4d0b-9c31-0bc55b21c05a","8th Wisconsin","Mike Gallagher","1211 Longworth House Office Building, Washington, DC 20515","R"
,"c4838a97-7e02-4fb3-b97c-75d4db728172",2024-07-25T03:54:19Z,2024-07-25T08:48:07Z,"de2c62ae-b8b2-4d0b-9c31-0bc55b21c05a","2nd Texas","Dan Crenshaw","248 Cannon House Office Building, Washington, DC 20515","R"
,"c55e408a-c088-45bf-ab08-9c6f1ef75f10",2024-07-25T03:54:18Z,2024-07-25T09:11:09Z,"de2c62ae-b8b2-4d0b-9c31-0bc55b21c05a","14th New York","Alexandria Ocasio-Cortez","250 Cannon House Office Building, Washington, DC 20515","D"
,"c56daa70-3fc0-496f-bd5c-30efa49fa935",2024-07-25T03:54:19Z,2024-07-25T08:51:47Z,"de2c62ae-b8b2-4d0b-9c31-0bc55b21c05a","29th Texas","Sylvia Garcia","2419 Rayburn House Office Building, Washington, DC 20515","D"
,"c58c8059-098d-4e97-acd0-142aba5c8748",2024-07-25T03:54:18Z,2024-07-25T09:04:14Z,"de2c62ae-b8b2-4d0b-9c31-0bc55b21c05a","4th Oregon","Val Hoyle","1620 Longworth House Office Building, Washington, DC 20515","D"
,"c6787990-3888-4fd9-85ca-b3a685140798",2024-07-25T03:54:18Z,2024-07-25T10:37:29Z,"de2c62ae-b8b2-4d0b-9c31-0bc55b21c05a","3rd North Carolina","Greg Murphy","407 Cannon House Office Building, Washington, DC 20515","R"
,"c6c949bd-8843-4646-a94b-8bbdc113ded8",2024-07-25T03:54:16Z,2024-07-25T10:45:50Z,"de2c62ae-b8b2-4d0b-9c31-0bc55b21c05a","13th Illinois","Nikki Budzinski","1009 Longworth House Office Building, Washington, DC 20515","D"
,"c71baf54-07cb-4b23-a621-9e50610a5d54",2024-07-25T03:54:19Z,2024-07-25T08:48:29Z,"de2c62ae-b8b2-4d0b-9c31-0bc55b21c05a","5th Texas","Lance Gooden","2431 Rayburn House Office Building, Washington, DC 20515","R"
,"c77a4d01-c618-4a56-8fae-dcc8353b5f75",2024-07-25T03:54:16Z,2024-07-25T10:42:19Z,"de2c62ae-b8b2-4d0b-9c31-0bc55b21c05a","1st Maine","Chellie Pingree","2354 Rayburn House Office Building, Washington, DC 20515","D"
,"c8d82c22-1502-4259-b942-4e0a74246c0b",2024-07-25T03:54:16Z,2024-07-25T10:44:57Z,"de2c62ae-b8b2-4d0b-9c31-0bc55b21c05a","1st Idaho","Russ Fulcher","1514 Longworth House Office Building, Washington, DC 20515","R"
,"ca944b08-efef-4d0a-890b-3b9644c22b09",2024-07-25T03:54:19Z,2024-07-25T08:47:51Z,"de2c62ae-b8b2-4d0b-9c31-0bc55b21c05a","9th Tennessee","Steve Cohen","2268 Rayburn House Office Building, Washington, DC 20515","R"
,"cace4c22-43dd-472f-8a17-a66b4616fda7",2024-07-25T03:54:16Z,2024-07-25T10:43:18Z,"de2c62ae-b8b2-4d0b-9c31-0bc55b21c05a","14th Florida","Kathy Castor","2052 Rayburn House Office Building, Washington, DC 20515","R"
,"caec94e1-b094-482b-8081-408eb1b67f47",2024-07-25T03:54:16Z,2024-07-25T10:46:19Z,"de2c62ae-b8b2-4d0b-9c31-0bc55b21c05a","37th California","Sydney Kamlager-Dove","1419 Longworth House Office Building, Washington, DC 20515","D"
,"cb62d423-a91a-4f47-bfec-70618018c8a0",2024-07-25T03:54:17Z,2024-07-25T10:39:16Z,"de2c62ae-b8b2-4d0b-9c31-0bc55b21c05a","8th Minnesota","Pete Stauber","145 Canon House Office Building, Washington, DC 20515","R"
,"cbcf78a1-9fdb-41b4-894e-77b753ac062b",2024-07-25T03:54:19Z,2024-07-25T07:17:06Z,"de2c62ae-b8b2-4d0b-9c31-0bc55b21c05a","1st Washington","Suzan DelBene","2330 Rayburn House Office Building, Washington, DC 20515","D"
,"cbec41df-84f3-40e7-86bd-685d1dab1940",2024-07-25T03:54:15Z,2024-07-25T09:49:07Z,"de2c62ae-b8b2-4d0b-9c31-0bc55b21c05a","1st Arizona","David Schweikert","460 Cannon House Office Building, Washington, DC 20515","R"
,"cc362de3-5eee-477e-87ef-2de3467d1964",2024-07-25T03:54:15Z,2024-07-25T09:21:57Z,"de2c62ae-b8b2-4d0b-9c31-0bc55b21c05a","26th California","Julia Brownley","2262 Rayburn House Office Building, Washington, DC 20515","D"
,"ccdf7050-be95-4966-b69c-5d6eaf51916b",2024-07-25T03:54:19Z,2024-07-25T07:17:06Z,"de2c62ae-b8b2-4d0b-9c31-0bc55b21c05a","1st Vermont","Becca Balint","1408 Longworth House Office Building, Washington, DC 20515","D"
,"cf7b85b6-4e0e-4e12-b1d6-96b63e1582a1",2024-07-25T03:54:16Z,2024-07-25T10:43:00Z,"de2c62ae-b8b2-4d0b-9c31-0bc55b21c05a","5th Massachusetts","Katherine Clark","2368 Rayburn House Office Building, Washington, DC 20515","D"
,"cf8462f0-cee8-4ace-9882-b49156c83485",2024-07-25T03:54:15Z,2024-07-25T09:22:43Z,"de2c62ae-b8b2-4d0b-9c31-0bc55b21c05a","17th California","Ro Khanna","306 Cannon House Office Building, Washington, DC 20515","D"
,"cfb86d0d-9411-4f34-ae6f-6fd75235e891",2024-07-25T03:54:17Z,2024-07-25T10:39:39Z,"de2c62ae-b8b2-4d0b-9c31-0bc55b21c05a","3rd Missouri","Blaine Luetkemeyer","2230 Rayburn House Office Building, Washington, DC 20515","R"
,"cffe3aed-cd22-4815-a7cf-62a122c5479f",2024-07-25T03:54:18Z,2024-07-25T09:02:01Z,"de2c62ae-b8b2-4d0b-9c31-0bc55b21c05a","10th Ohio"," Michael Turner","2183 Rayburn House Office Building, Washington, DC 20515","R"
,"d1172136-7563-473b-8b54-1fc833682a3e",2024-07-25T03:54:18Z,2024-07-25T09:04:37Z,"de2c62ae-b8b2-4d0b-9c31-0bc55b21c05a","6th Oregon"," Andrea Salinas"," 109 Cannon House Office Building, Washington, DC 20515","D"
,"d1b20ab8-55d1-4174-821c-b7684147b3c0",2024-07-25T03:54:19Z,2024-07-25T07:17:06Z,"de2c62ae-b8b2-4d0b-9c31-0bc55b21c05a","6th Virginia","Ben Cline","2443 Rayburn House Office Building, Washington, DC 20515","R"
,"d1c792ba-3879-4e36-8230-06f076db15bf",2024-07-25T03:54:18Z,2024-07-25T10:37:48Z,"de2c62ae-b8b2-4d0b-9c31-0bc55b21c05a","8th North Carolina","Dan Bishop","2459 Rayburn House Office Building. Washington, DC 20515","R"
,"d266dbcc-b063-4653-b5cc-655e873f86ad",2024-07-25T03:54:19Z,2024-07-25T07:17:06Z,"de2c62ae-b8b2-4d0b-9c31-0bc55b21c05a","1st Utah","Blake Moore","1131 Longworth House Office Building, Washington, DC 20515","R"
,"d2a43217-2ec1-418d-b3cd-38d2fda1852b",2024-07-25T03:54:18Z,2024-07-25T10:36:50Z,"de2c62ae-b8b2-4d0b-9c31-0bc55b21c05a","20th New York","Paul Tonko","2369 Rayburn House Office Building, Washington, DC 20515","D"
,"d31b793d-f32d-49cb-9bb0-723dba53b3f4",2024-07-25T03:54:16Z,2024-07-25T10:46:12Z,"de2c62ae-b8b2-4d0b-9c31-0bc55b21c05a","34th California","Jimmy Gomez","506 Cannon House Office Building, Washington, DC 20515","D"
,"d35d011b-0e6c-4537-aefb-1078891506d8",2024-07-25T03:54:18Z,2024-07-25T09:11:28Z,"de2c62ae-b8b2-4d0b-9c31-0bc55b21c05a","16th New York","Jamaal Bowman","345 Cannon House Office Building, Washington, DC 20515","D"
,"d37cfe1d-00dd-4a26-b3ae-52745cd5de6b",2024-07-25T03:54:16Z,2024-07-25T10:46:51Z,"de2c62ae-b8b2-4d0b-9c31-0bc55b21c05a","47th California","Katie Porter","1233Longworth House Office Building, Washington, DC 20515.","D"
,"d38a24e7-49d3-4a11-9bdb-afacc41a0187",2024-07-25T03:54:16Z,2024-07-25T10:46:49Z,"de2c62ae-b8b2-4d0b-9c31-0bc55b21c05a","46th California","Lou Correa","2301 Rayburn House Office Building, Washington, DC 20515","D"
,"d4952e0a-5053-4595-9f9b-f7891380162a",2024-07-25T03:54:19Z,2024-07-25T09:00:05Z,"de2c62ae-b8b2-4d0b-9c31-0bc55b21c05a","36th Texas","Brian Babin","2236 Rayburn House Office Building, Washington, DC 20515","R"
,"d4e534a7-7e79-4eb3-908c-6e923093c394",2024-07-25T03:54:18Z,2024-07-25T09:09:04Z,"de2c62ae-b8b2-4d0b-9c31-0bc55b21c05a","1st New Mexico","Melanie Stansbury","1421 Longworth House Office Building, Washington, DC 20515","D"
,"d53fc8d1-de96-4205-9fa6-da81e80f925c",2024-07-25T03:54:16Z,2024-07-25T10:42:28Z,"de2c62ae-b8b2-4d0b-9c31-0bc55b21c05a","2nd Maryland","Dutch Ruppersberger","2206 Rayburn House Office Building, Washington, DC 20515","D"
,"d671ffde-e0d1-4414-aa7c-e4eb2ec8d471",2024-07-25T03:54:15Z,2024-07-25T09:48:28Z,"de2c62ae-b8b2-4d0b-9c31-0bc55b21c05a","1st Arkansas","Rick Crawford","2422 Rayburn House Office Building, Washington, DC 20515","R"
,"d6e5a7f8-33ff-4743-9145-929a266f0e1d",2024-07-25T03:54:18Z,2024-07-25T09:01:40Z,"de2c62ae-b8b2-4d0b-9c31-0bc55b21c05a","8th Ohio","Warren Davidson","2113 Rayburn House Office Building, Washington, DC 20515","R"
,"d73d073c-8001-4e88-887f-bc12e6bc2580",2024-07-25T03:54:16Z,2024-07-25T10:47:38Z,"de2c62ae-b8b2-4d0b-9c31-0bc55b21c05a","2nd Connecticut","Joe Courtney","2449 Rayburn House Office Building, Washington, DC 20515","D"
,"d7b6a295-f4b6-4bae-b012-17642d739900",2024-07-25T03:54:15Z,2024-07-25T09:22:53Z,"de2c62ae-b8b2-4d0b-9c31-0bc55b21c05a","15th California","Kevin Mullin","14040 Longworth House Office Building, Washington, DC 20515","D"
,"d8e524e3-f35a-43db-94bd-f739959a73cf",2024-07-25T03:54:18Z,2024-07-25T09:09:35Z,"de2c62ae-b8b2-4d0b-9c31-0bc55b21c05a","2nd New York","Andrew Garbarino","2344 Rayburn House Office Building, Washington, DC 20515","R"
,"d9f02da9-47a8-4141-9b68-ec76138afde5",2024-07-25T03:54:16Z,2024-07-25T10:44:42Z,"de2c62ae-b8b2-4d0b-9c31-0bc55b21c05a","13th Georgia","David Scott","468 Cannon House Office Building, Washington, DC 20515","R"
,"da5d8cbf-51a1-43eb-859b-c999c1f71987",2024-07-25T03:54:19Z,2024-07-25T07:17:06Z,"de2c62ae-b8b2-4d0b-9c31-0bc55b21c05a","8th Virginia","Don Beyer","1119 Longworth House Office Building, Washington, DC 20515","D"
,"dc52c38e-5c63-48f2-b7ab-9e07182f2efd",2024-07-25T03:54:15Z,2024-07-25T09:22:31Z,"de2c62ae-b8b2-4d0b-9c31-0bc55b21c05a","19th California","Jimmy Panetta","304 Cannon House Office Building, Washington, DC 20515","D"
,"dcb56ce5-1bd0-4a58-a4d5-ddeb13217bae",2024-07-25T03:54:18Z,2024-07-25T09:09:44Z,"de2c62ae-b8b2-4d0b-9c31-0bc55b21c05a","3rd New York","Tom Suozzi","1117 Longworth House Office Building, Washington, DC 20515","D"
,"ddc9bc2f-bf26-4ec8-a4a0-287b898ba242",2024-07-25T03:54:16Z,2024-07-25T10:41:09Z,"de2c62ae-b8b2-4d0b-9c31-0bc55b21c05a","7th Indiana","Andre Carson","2135 Rayburn House Office Building, Washington, DC 20515","R"
,"ddfacec0-c15b-4714-a789-c1ac9f52c5df",2024-07-25T03:54:16Z,2024-07-25T10:45:13Z,"de2c62ae-b8b2-4d0b-9c31-0bc55b21c05a","3rd Illinois","Della Ramirez","1523 Longworth House Office Building, Washington, DC 20515","D"
,"dffd4c30-841a-49fa-8b40-49a05aed02fb",2024-07-25T03:54:16Z,2024-07-25T10:46:47Z,"de2c62ae-b8b2-4d0b-9c31-0bc55b21c05a","45th California","Michelle Steel","1127 Longworth House Office Building, Washington, DC 20515","R"
,"e07f4f08-71d5-4e92-abd4-9fac61952cbe",2024-07-25T03:54:16Z,2024-07-25T10:47:17Z,"de2c62ae-b8b2-4d0b-9c31-0bc55b21c05a","3rd Colorado","Lauren Boebert","1713 Longworth House Office Building, Washington, DC 20515","R"
,"e0bd97d6-12b3-4499-9f30-f4d6f2862023",2024-07-25T03:54:18Z,2024-07-25T10:37:59Z,"de2c62ae-b8b2-4d0b-9c31-0bc55b21c05a","11th North Carolina","Chuck Edwards","1505 Longworth House Office Building, Washington, DC 20515","R"
,"e12824a0-9f81-4d0d-8958-8c72ce7b5237",2024-07-25T03:54:19Z,2024-07-25T08:49:26Z,"de2c62ae-b8b2-4d0b-9c31-0bc55b21c05a","12th Texas","Kay Granger","2308. Rayburn House Office Building, Washington, DC 20515","R"
,"e17df3a1-9555-44c0-989c-ceaa78d431ea",2024-07-25T03:54:18Z,2024-07-25T10:37:52Z,"de2c62ae-b8b2-4d0b-9c31-0bc55b21c05a","9th North Carolina","Richard Hudson","2112 Rayburn House Office Building, Washington, DC 20515","R"
,"e2c99304-085f-4af6-9595-134b4c3750cd",2024-07-25T03:54:16Z,2024-07-25T10:42:03Z,"de2c62ae-b8b2-4d0b-9c31-0bc55b21c05a","1st Louisiana","Steve Scalise","2049 Rayburn House Office Building, Washington, DC 20515","R"
,"e32c4102-5b4c-4d9b-ac1e-ecd823fd21a2",2024-07-25T03:54:18Z,2024-07-25T09:08:12Z,"de2c62ae-b8b2-4d0b-9c31-0bc55b21c05a","3rd South Carolina","Jeff Duncan","2229 Rayburn House Office Building, Washington, DC 20515","R"
,"e3980eab-31d7-4bf7-898b-0be8b20dd944",2024-07-25T03:54:16Z,2024-07-25T03:54:16Z,"de2c62ae-b8b2-4d0b-9c31-0bc55b21c05a","8th Colorado","Yadira Caraveo"," 1024 Longworth House Office Building, Washington, DC 20515",
,"e3e394b6-cfb8-4ad3-96ea-01254be3b9cf",2024-07-25T03:54:15Z,2024-07-25T09:48:49Z,"de2c62ae-b8b2-4d0b-9c31-0bc55b21c05a","6th  Arizona","Juan Ciscomani","1429 Longworth House Office Building, Washington, DC 20515","R"
,"e42b39df-811e-4360-af50-a898e90c5c7a",2024-07-25T03:54:16Z,2024-07-25T10:34:04Z,"de2c62ae-b8b2-4d0b-9c31-0bc55b21c05a","12th Florida","Gus Bilirakis","2306 Rayburn House Office Building, Washington, DC 20515","R"
,"e4710487-2fb0-42d9-b4e4-14c0de7c46a7",2024-07-25T03:54:17Z,2024-07-25T10:39:08Z,"de2c62ae-b8b2-4d0b-9c31-0bc55b21c05a","5th Minnesota","Ilhan Omar","1730 Longworth House Office Building, Washington, DC 20515","D"
,"e4949925-d97a-42b7-b74f-d96b48b6d58f",2024-07-25T03:54:18Z,2024-07-25T09:05:30Z,"de2c62ae-b8b2-4d0b-9c31-0bc55b21c05a","3rd Pennsylvania","Dwight Evans","1105 Longworth House Office Building, Washington, DC 20515","D"
,"e5850964-1953-413c-ad61-806f05529457",2024-07-25T03:54:16Z,2024-07-25T10:44:02Z,"de2c62ae-b8b2-4d0b-9c31-0bc55b21c05a","27th Florida","Maria Salazar","2162 Rayburn House Office Building,  Washington, DC 20515","R"
,"e5aedfab-bfe6-4e27-b496-7ac04e6a45d3",2024-07-25T03:54:15Z,2024-07-25T09:48:41Z,"de2c62ae-b8b2-4d0b-9c31-0bc55b21c05a","7th Arizona","Raúl Grijalva","1203 Longworth House Office Building, Washington, DC 20515","D"
,"e72bffa5-374d-4e4c-bed2-b34c15b8bd9f",2024-07-25T03:54:19Z,2024-07-25T07:17:06Z,"de2c62ae-b8b2-4d0b-9c31-0bc55b21c05a","9th Washington","Adam Smith","2264 Rayburn House Office Building, Washington, DC 20515","D"
,"e75e6149-bba6-49cd-8b61-df09ae167eba",2024-07-25T03:54:16Z,2024-07-25T10:45:55Z,"de2c62ae-b8b2-4d0b-9c31-0bc55b21c05a","15th Illinois","Mary Miller","1740 Longworth House Office Building, Washington, DC 20515","R"
,"e804d489-b337-4a65-9adb-6dcbd9661b4f",2024-07-25T03:54:19Z,2024-07-25T08:49:54Z,"de2c62ae-b8b2-4d0b-9c31-0bc55b21c05a","16th Texas","Veronica Escobar","2448 Rayburn House Office Building, Washington, DC 20515","D"
,"e88a2b80-2fce-429d-9c68-b3f4e617b808",2024-07-25T03:54:16Z,2024-07-25T10:45:53Z,"de2c62ae-b8b2-4d0b-9c31-0bc55b21c05a","14th Illinois","Lauren Underwood","1410 Longworth House Office Building, Washington, DC 20515","D"
,"ea00cbd9-d8cc-4957-88c1-e615892f4291",2024-07-25T03:54:15Z,2024-07-25T10:33:24Z,"de2c62ae-b8b2-4d0b-9c31-0bc55b21c05a","American Samoa","Aumua Amata Coleman Radewagen","2001 Rayburn House Office Building, Washington, DC 20515","R"
,"ea3c54d3-c74b-4c6d-b0d1-9cec09c82315",2024-07-25T03:54:16Z,2024-07-25T10:41:43Z,"de2c62ae-b8b2-4d0b-9c31-0bc55b21c05a","1st Kentucky","James Comer","2410 Rayburn House Office Building, Washington, DC 20515","R"
,"ec598f87-77b3-4be6-b600-51c64617ea1f",2024-07-25T03:54:19Z,2024-07-25T07:17:06Z,"de2c62ae-b8b2-4d0b-9c31-0bc55b21c05a","2nd Utah","Celeste Mallory","166 Cannon House Office Building, Washington, DC 20515","R"
,"ec5ba395-755d-4f76-996e-12f66b3b7dde",2024-07-25T03:54:17Z,2024-07-25T10:38:34Z,"de2c62ae-b8b2-4d0b-9c31-0bc55b21c05a","7th Michigan","Elissa Slotkin","1210 Longworth House Office Building, Washington, DC 20515","D"
,"ec775018-7555-4fa1-9dd2-eb8d08eb3171",2024-07-25T03:54:18Z,2024-07-25T10:37:24Z,"de2c62ae-b8b2-4d0b-9c31-0bc55b21c05a","2nd North Carolina","Deborah Ross","1221Longworth House Office Building, Washington, DC 20515","D"
,"ece646f9-fece-4614-b6ff-80a6508a28d5",2024-07-25T03:54:19Z,2024-07-25T07:17:06Z,"de2c62ae-b8b2-4d0b-9c31-0bc55b21c05a","3rd Tennessee","Chuck Fleischmann","2187 Rayburn House Office Building, Washington, DC 20515","R"
,"ed43aab1-0d7f-423c-8141-870148125441",2024-07-25T03:54:19Z,2024-07-25T07:17:06Z,"de2c62ae-b8b2-4d0b-9c31-0bc55b21c05a","4th Tennessee","Scott DesJarlais","2304 Rayburn House Office Building, Washington, DC 20515","R"
,"ee489d89-2158-4d6b-811f-ed760cb83095",2024-07-25T03:54:19Z,2024-07-25T07:17:06Z,"de2c62ae-b8b2-4d0b-9c31-0bc55b21c05a","8th Washington","Kim Schrier","1110 Longworth House Office Building, Washington, DC 20515","D"
,"ef773150-0e49-4b0e-959a-7e0a2aa6b408",2024-07-25T03:54:16Z,2024-07-25T10:42:08Z,"de2c62ae-b8b2-4d0b-9c31-0bc55b21c05a","3rd Louisiana","Clay Higgins","572 Cannon House Office Building, Washington, DC 20515","R"
,"f011d1f8-2efa-4c5c-91ee-e96a8bf237a4",2024-07-25T03:54:18Z,2024-07-25T09:06:19Z,"de2c62ae-b8b2-4d0b-9c31-0bc55b21c05a","9th Pennsylvania","Daniel Meuser","350 Cannon House Office Building, Washington, DC 20515","R"
,"f0fe417e-4a31-4131-b89c-7481c93df6e4",2024-07-25T03:54:15Z,2024-07-25T09:48:17Z,"de2c62ae-b8b2-4d0b-9c31-0bc55b21c05a","4th Arkansas","Bruce Westerman","202 Cannon House Office Building, Washington, DC 20515","R"
,"f157c038-a418-4281-94e4-97fb256212a8",2024-07-25T03:54:16Z,2024-07-25T10:42:45Z,"de2c62ae-b8b2-4d0b-9c31-0bc55b21c05a","8th Maryland","Jamie Raskin","2242 Rayburn House Office Building, Washington, DC 20515","D"
,"f3129169-fcb5-4eaa-a318-85d658fc5299",2024-07-25T03:54:19Z,2024-07-25T07:17:06Z,"de2c62ae-b8b2-4d0b-9c31-0bc55b21c05a","4th South Carolina","William Timmons","267 Cannon House Office Building, Washington, DC 20515","R"
,"f3672256-84c3-40e4-a142-70d52f9d8d03",2024-07-25T03:54:16Z,2024-07-25T10:42:42Z,"de2c62ae-b8b2-4d0b-9c31-0bc55b21c05a","7th Maryland","Kweisi Mfume","2263 Rayburn House Office Building, Washington, DC 20515","D"
,"f42556f3-a9be-4554-9fee-f81897b0d998",2024-07-25T03:54:18Z,2024-07-25T10:38:12Z,"de2c62ae-b8b2-4d0b-9c31-0bc55b21c05a","1st North Dakota","Kelly Armstrong","2235 Rayburn House Office Building, Washington, DC 20515","R"
,"f4ea0ed2-4ecf-4c13-b913-89eb4e215ff4",2024-07-25T03:54:15Z,2024-07-25T09:48:35Z,"de2c62ae-b8b2-4d0b-9c31-0bc55b21c05a","8th Arizona","Debbie Lesko","1214 Longworth House Office Building, Washington, DC 20515","R"
,"f52600de-27a7-4ab1-80ba-692458f59d7c",2024-07-25T03:54:16Z,2024-07-25T10:47:40Z,"de2c62ae-b8b2-4d0b-9c31-0bc55b21c05a","3rd Connecticut","Rosa DeLauro","2413 Rayburn House Office Building, Washington, DC 20515","D"
,"f59b80e5-4c31-4ebf-b223-58ff323f820d",2024-07-25T03:54:17Z,2024-07-25T10:38:20Z,"de2c62ae-b8b2-4d0b-9c31-0bc55b21c05a","2nd Michigan","John Moolenaar","246Cannon House Office Building, Washington, DC 20515","R"
,"f68e2ac9-5eed-4969-a044-735c01e8a3ef",2024-07-25T03:54:19Z,2024-07-25T07:17:06Z,"de2c62ae-b8b2-4d0b-9c31-0bc55b21c05a","6th South Carolina","James E. Clyburn","274 Cannon House Office Building, Washington, DC 20515","D"
,"f6e53589-a64d-48b3-8a02-9fc049d086e4",2024-07-25T03:54:16Z,2024-07-25T10:46:03Z,"de2c62ae-b8b2-4d0b-9c31-0bc55b21c05a","31st California","Grace Napolitano","1610 Longworth House Office Building, Washington, DC 20515","D"
,"f71c9c0c-e2e1-4d87-9889-36d833170b37",2024-07-25T03:54:18Z,2024-07-25T09:02:30Z,"de2c62ae-b8b2-4d0b-9c31-0bc55b21c05a","13th Ohio","Emelia Sykes","1217 Longworth House Office Building, Washington, DC 20515","D"
,"f7714ef1-beb3-44c0-80e2-c114b949ffa2",2024-07-25T03:54:16Z,2024-07-25T10:46:38Z,"de2c62ae-b8b2-4d0b-9c31-0bc55b21c05a","42nd California","Robert Garcia","1305 Longworth House Office Building, Washington, DC 20515","D"
,"f83d4655-7147-4364-ba06-40a94bf22274",2024-07-25T03:54:17Z,2024-07-25T10:39:31Z,"de2c62ae-b8b2-4d0b-9c31-0bc55b21c05a","1st Missouri","Cori Bush","2463 Rayburn House Office Building, Washington, DC 20515","D"
,"f976e126-d6b1-4cca-a49b-71f3404e56d9",2024-07-25T03:54:16Z,2024-07-25T10:40:47Z,"de2c62ae-b8b2-4d0b-9c31-0bc55b21c05a","16th Illinois","David Lahood","1424 Longworth House Office Building, Washington, DC 20515","R"
,"fa065f3d-59f1-4709-92b4-8d97ad08a3d3",2024-07-25T03:54:19Z,2024-07-25T08:48:00Z,"de2c62ae-b8b2-4d0b-9c31-0bc55b21c05a","1st Texas","Nathaniel Moran","1541 Longworth House Office Building, Washington, DC 20515","R"
,"fa604ee6-3a1d-45bf-a555-43f24cd05cd6",2024-07-25T03:54:15Z,2024-07-25T09:21:48Z,"de2c62ae-b8b2-4d0b-9c31-0bc55b21c05a","28th California","Judy Chu","2423 Rayburn House Office Building, Washington, DC 20515","D"
,"fa7cf75b-3de3-4255-b9d0-3e1596a6bf54",2024-07-25T03:54:18Z,2024-07-25T09:06:12Z,"de2c62ae-b8b2-4d0b-9c31-0bc55b21c05a","8th Pennsylvania","Matt Cartwright","2102 Rayburn House Office Building, Washington, DC 20515","D"
,"fa99c93f-f6d1-4461-961c-e686312dacc7",2024-07-25T03:54:19Z,2024-07-25T07:34:52Z,"de2c62ae-b8b2-4d0b-9c31-0bc55b21c05a","5th Tennessee","Andrew Ogles","151 Cannon House Office Building, Washington, DC 20515","R"
,"fb0b46d0-433e-4903-aa8a-27d1a9d0ccea",2024-07-25T03:54:18Z,2024-07-25T09:10:01Z,"de2c62ae-b8b2-4d0b-9c31-0bc55b21c05a","5th New York","Gregory Meeks","2310 Rayburn House Office Building, Washington, DC 20515","D"
,"fb552466-d7c8-4b58-a6c4-1b987eb37734",2024-07-25T03:54:19Z,2024-07-25T07:17:06Z,"de2c62ae-b8b2-4d0b-9c31-0bc55b21c05a","5th Virginia","Bob Good","461 Cannon House Office Building, Washington, DC 20515","R"
,"fbf83430-f5ca-46c6-be62-5dff25183197",2024-07-25T03:54:19Z,2024-07-25T07:17:06Z,"de2c62ae-b8b2-4d0b-9c31-0bc55b21c05a","South Dakota","Dusty Johnson","1714 Longworth House Office Building, Washington, DC 20515","R"
,"fc48185d-ba0e-48c5-927c-c5045436ad3d",2024-07-25T03:54:16Z,2024-07-25T03:54:16Z,"de2c62ae-b8b2-4d0b-9c31-0bc55b21c05a","28th Florida","Carlos Gimenez","488 Cannon House Office Building, Washington, DC 20515",
,"fd768f40-f568-48c8-b616-4198d491cc22",2024-07-25T03:54:18Z,2024-07-25T09:04:00Z,"de2c62ae-b8b2-4d0b-9c31-0bc55b21c05a","2nd Oregon","Cliff Bentz","409 Cannon House Office Building, Washington, DC 20515","R"
,"fd79e74f-333d-4142-aaf5-635b7c216258",2024-07-25T03:54:18Z,2024-07-25T10:37:44Z,"de2c62ae-b8b2-4d0b-9c31-0bc55b21c05a","7th North Carolina","David Rouzer","2333 Rayburn House Office Building, Washington, DC 20515","R"
,"fdfd65fa-7b66-4032-854f-993a28f4594b",2024-07-25T03:54:19Z,2024-07-25T08:48:15Z,"de2c62ae-b8b2-4d0b-9c31-0bc55b21c05a","3rd Texas","Keith Self","1113 Longworth House Office Building, Washington, DC 20515","R"
,"fe66520e-6f00-43c8-ac46-f98ae3e1a52a",2024-07-25T03:54:16Z,2024-07-25T10:41:58Z,"de2c62ae-b8b2-4d0b-9c31-0bc55b21c05a","6th Kentucky","Andy Barr","2430 Rayburn House Office Building, Washington, DC 20515","R"
,"ff1fb9d1-a853-411e-bb60-f88aa17d96be",2024-07-25T03:54:19Z,2024-07-25T07:17:06Z,"de2c62ae-b8b2-4d0b-9c31-0bc55b21c05a","4th Washington","Dan Newhouse","504 Cannon House Office Building, Washington, DC 20515","R"
,"ff2416c4-fef9-427e-8824-2c52a801744a",2024-07-25T03:54:18Z,2024-07-25T10:37:33Z,"de2c62ae-b8b2-4d0b-9c31-0bc55b21c05a","5th North Carolina","Virginia Foxx ","2462 Rayburn House Office Building, Washington, DC 20515","R"
,"ff3464dc-4d31-4ba1-a2bd-a6d5353880ee",2024-07-25T03:54:19Z,2024-07-25T08:51:38Z,"de2c62ae-b8b2-4d0b-9c31-0bc55b21c05a","28th Texas","Henry Cuellar","2372 Rayburn House Office Building, Washington, DC 20515","D"
,"ffc5b820-f87d-41cf-b973-3ffd01c16908",2024-07-25T03:54:18Z,2024-07-25T09:08:26Z,"de2c62ae-b8b2-4d0b-9c31-0bc55b21c05a","8th New Jersey","Robert Menendez","1007 Longworth House Office Building, Washington, DC 20515","D"
,"fff7242a-7b66-4211-a8d4-6526f3ab3e65",2024-07-25T03:54:17Z,2024-07-25T10:39:46Z,"de2c62ae-b8b2-4d0b-9c31-0bc55b21c05a","6th Missouri","Sam Graves","1135 Longworth House Office Building, Washington, DC 20515","R"
